Workbook
Name _Order1: 0
Name A: BlankMacro1
Name A: BlankMacro1
Name A: BlankMacro1
Name AAAA: BlankMacro1
Name AAAA: BlankMacro1
Name AAAA: BlankMacro1
Name HTML1_1: "'[클레임.xls]클레임 기안'!$A$2:$I$34"
Name HTML1_10: ""
Name HTML1_11: 1
Name HTML1_12: "C:\My Documents\MyHTML.htm"
Name HTML1_2: 1
Name HTML1_3: "클레임.xl"
Name HTML1_4: "클레임 기안"
Name HTML1_5: "연습용입니다."
Name HTML1_6: 1
Name HTML1_7: -4146
Name HTML1_8: "97-02-26"
Name HTML1_9: "전광호"
Name HTMLCount: 1
Name ID: [1]ITEM!$F$4:$F$587
Name LINE: [1]ITEM!$C$4:$C$587
Name RODLS: BlankMacro1
Name RODLS: BlankMacro1
Name RODLS: BlankMacro1
Name S: BlankMacro1
Name S: BlankMacro1
Name S: BlankMacro1
Name SAPBEXhrIndnt: "Wide"
Name SAPsysID: "708C5W7SBKP804JT78WJ0JNKI"
Name SAPwbID: "ARS"
Name sdkljfkljasdf: [2]SM!$L$11:$L$84
Name SKU: '[3]15SS MDPLAN 취합'!$Y:$Y
Name ST수: '[3]15SS MDPLAN 취합'!$X:$X
Name 가격: [4]원가!$A$1:$C$65536
Name 개인: BlankMacro1
Name 개인: BlankMacro1
Name 개인: BlankMacro1
Name 개인별분배: BlankMacro1
Name 개인별분배: BlankMacro1
Name 개인별분배: BlankMacro1
Name 개인별분배1: BlankMacro1
Name 개인별분배1: BlankMacro1
Name 개인별분배1: BlankMacro1
Name 거래처: '[5]2004'!$C:$C
Name 거래처1: '[5]2005'!$C:$C
Name 겨율: BlankMacro1
Name 겨율: BlankMacro1
Name 겨율: BlankMacro1
Name 공급금액: [6]ITEM!$AE$6:$AE$364
Name 구월사주: OFFSET([7]주간분석!$C$29,0,0,COUNTA([7]주간분석!$C$1:$C$65536)-1)
Name 금호기타불량: '[8]금호 산업'!$AT$13
Name 금호기획: '[8]금호 산업'!$K$13
Name 금호기획량: '[8]금호 산업'!$B$13
Name 금호요척량: '[8]금호 산업'!$AA$13
Name 금호원불: '[8]금호 산업'!$AR$13
Name 금호정품입고: '[8]금호 산업'!$AP$13
Name 금호취불: '[8]금호 산업'!$AS$13
Name 기여도: BlankMacro1
Name 기여도: BlankMacro1

Sheet 동향 그래프 ~시세반영 
A1: DOWN(충전재) 시세 | Y1: 75.5 | Z1: 126.9 | AA1: =(Y1-Z1)/Y1 -> -0.6807947 | AB1: 77.2 | AC1: 131.2 | AD1: =(AB1-AC1)/AB1 -> -0.69948187 | CF1: 12월평균 | CG1: =AVERAGE(CF13:CG13) -> 86.1725
O2: 23년 | AL2: 24년
A3: 업체명 | B3: 44747 | C3: 44761 | D3: 44783 | E3: 44797 | F3: 44811 | G3: 45191 | H3: 45204 | I3: 45221 | J3: 45232 | K3: 45246 | L3: 45260 | M3: 45273 | N3: 45287 | O3: 44944 | P3: 44957 | Q3: 44966 | R3: 44980 | S3: 44994 | T3: 45015 | U3: 45033 | V3: 45050 | W3: 45064 | X3: 45078 | Y3: 45092 | Z3: 45106 | AA3: 45120 | AB3: 45134 | AC3: 45155 | AD3: 45169 | AE3: 45183 | AF3: 45203 | AG3: 45225 | AH3: 45239 | AI3: 45257 | AJ3: 45640 | AK3: 45654 | AL3: 45301 | AM3: 45316 | AN3: 45329 | AO3: 45343 | AP3: 45357 | AQ3: 45369 | AR3: 45385 | AS3: 45399 | AT3: 45421 | AU3: 45434 | AV3: 45448 | AW3: 45462 | AX3: 45476 | AY3: 45498 | AZ3: 45511 | BA3: 45526 | BB3: 45541 | BC3: 45562 | BD3: 45580 | BE3: 45593 | BF3: 45611 | BG3: 45623 | BH3: 45639 | BI3: 45653 | BJ3: 45666 | BK3: 45701 | BL3: 45716 | BM3: 45729 | BN3: 45757 | BO3: 45764 | BP3: 45778 | BQ3: 45793 | BR3: 45806 | BS3: 45820 | BT3: 45833 | BU3: 45848 | BV3: 45862 | BW3: 45876 | BX3: 45890 | BY3: 45904 | BZ3: 45917 | CA3: 45932 | CB3: 45946 | CC3: 45959 | CD3: 45975 | CE3: 45988 | CF3: 46002 | CG3: 46020 | CH3: 46031 | CI3: 46051 | CJ3: 46057 | CK3: 46073 | CL3: 46093 | CM3: 46114 | CN3: 46132 | CO3: 46142 | CP3: 46163 | CQ3: 46192 | CR3: 46212 | CS3: 46233 | CT3: 46247 | CU3: 46269
A4: PCK | B4: 73 | C4: 73 | D4: 74.5 | E4: 74.5 | F4: 76.5 | G4: 76.5 | H4: 84.5 | I4: 84.5 | J4: 84.5 | K4: 80 | L4: 74.5 | M4: 74.5 | N4: 74 | O4: 74 | P4: 74 | Q4: 69.5 | R4: 70.5 | S4: 71 | T4: 70.5 | U4: 70.5 | V4: 76 | W4: 76 | X4: 76 | Y4: 76 | Z4: 78 | AA4: 78 | AB4: 78 | AC4: 78.5 | AD4: 79 | AE4: 77 | AF4: 77 | AG4: 78 | AH4: 78 | AI4: 81 | AJ4: 83 | AK4: 83 | AL4: 82 | AM4: 84 | AN4: 88 | AO4: 95 | AP4: 100 | AQ4: 102 | AR4: 97 | AS4: 97 | AT4: 97 | AU4: 102 | AV4: 110 | AW4: 113 | AX4: 115 | AY4: 115 | AZ4: 115 | BA4: 115 | BB4: 115 | BC4: 117 | BD4: 117 | BE4: 116 | BF4: 114 | BG4: 108 | BH4: 98 | BI4: 98 | BJ4: 98 | BK4: 98 | BL4: 95 | BM4: 94 | BN4: 92 | BO4: 92 | BP4: 92 | BQ4: 91 | BR4: {=INDEX('DOWN 가격동향'!$DD$10:$AHC$10,MATCH(1,('DOWN 가격동향'!$K$8:$AHC$8='동향 그래프 ~시세반영 '!$A4)*('DOWN 가격동향'!$DD$9:$AHC$9='동향 그래프 ~시세반영 '!BR$3),0))} -> 91 | BS4: {=INDEX('DOWN 가격동향'!$DD$10:$AHC$10,MATCH(1,('DOWN 가격동향'!$K$8:$AHC$8='동향 그래프 ~시세반영 '!$A4)*('DOWN 가격동향'!$DD$9:$AHC$9='동향 그래프 ~시세반영 '!BS$3),0))} -> 92 | BT4: {=INDEX('DOWN 가격동향'!$DD$10:$AHC$10,MATCH(1,('DOWN 가격동향'!$K$8:$AHC$8='동향 그래프 ~시세반영 '!$A4)*('DOWN 가격동향'!$DD$9:$AHC$9='동향 그래프 ~시세반영 '!BT$3),0))} -> 92 | BU4: {=INDEX('DOWN 가격동향'!$DD$10:$AHC$10,MATCH(1,('DOWN 가격동향'!$K$8:$AHC$8='동향 그래프 ~시세반영 '!$A4)*('DOWN 가격동향'!$DD$9:$AHC$9='동향 그래프 ~시세반영 '!BU$3),0))} -> 91 | BV4: {=INDEX('DOWN 가격동향'!$DD$10:$AHC$10,MATCH(1,('DOWN 가격동향'!$K$8:$AHC$8='동향 그래프 ~시세반영 '!$A4)*('DOWN 가격동향'!$DD$9:$AHC$9='동향 그래프 ~시세반영 '!BV$3),0))} -> 87 | BW4: {=INDEX('DOWN 가격동향'!$DD$10:$AHC$10,MATCH(1,('DOWN 가격동향'!$K$8:$AHC$8='동향 그래프 ~시세반영 '!$A4)*('DOWN 가격동향'!$DD$9:$AHC$9='동향 그래프 ~시세반영 '!BW$3),0))} -> 87 | BX4: {=INDEX('DOWN 가격동향'!$DD$10:$AHC$10,MATCH(1,('DOWN 가격동향'!$K$8:$AHC$8='동향 그래프 ~시세반영 '!$A4)*('DOWN 가격동향'!$DD$9:$AHC$9='동향 그래프 ~시세반영 '!BX$3),0))} -> 87 | BY4: {=INDEX('DOWN 가격동향'!$DD$10:$AHC$10,MATCH(1,('DOWN 가격동향'!$K$8:$AHC$8='동향 그래프 ~시세반영 '!$A4)*('DOWN 가격동향'!$DD$9:$AHC$9='동향 그래프 ~시세반영 '!BY$3),0))} -> 87 | ... CT4: {=INDEX('DOWN 가격동향'!$DD$10:$AHC$10,MATCH(1,('DOWN 가격동향'!$K$8:$AHC$8='동향 그래프 ~시세반영 '!$A4)*('DOWN 가격동향'!$DD$9:$AHC$9='동향 그래프 ~시세반영 '!CT$3),0))} -> 95 | CU4: {=INDEX('DOWN 가격동향'!$DD$10:$BBC$10,MATCH(1,('DOWN 가격동향'!$K$8:$BBC$8='동향 그래프 ~시세반영 '!A4)*('DOWN 가격동향'!$DD$9:$BBC$9='동향 그래프 ~시세반영 '!CU$3),0))} -> 95
A5: 광륭 | B5: 71.5 | C5: 73.5 | D5: 75.5 | E5: 79.5 | F5: 75.5 | G5: 72.5 | H5: 75 | I5: 74.5 | J5: 73 | K5: 72 | L5: 71.5 | M5: 71 | N5: 73.5 | O5: 73.5 | P5: 73.5 | Q5: 70 | R5: 85 | S5: 88 | T5: 91.5 | U5: 90 | V5: 94 | W5: 94 | X5: 93.5 | Y5: 82.5 | Z5: 82.5 | AA5: 82.8 | AB5: 83 | AC5: 82.8 | AD5: 83.3 | AE5: 83.3 | AF5: 90 | AG5: 74 | AH5: 74 | AI5: 75 | AJ5: 83.5 | AK5: 82 | AL5: 83 | AM5: 90 | AN5: 99.5 | AO5: 103 | AP5: 107 | AQ5: 105 | AR5: 104 | AS5: 104 | AT5: 105 | AU5: 107 | AV5: 120 | AW5: 125 | AX5: 123 | AY5: 123 | AZ5: 122 | BA5: 119 | BB5: 119 | BC5: 115 | BD5: 115 | BE5: 115 | BF5: 114 | BG5: 102.5 | BH5: 98 | BI5: 103.5 | BJ5: 103.5 | BK5: 102 | BL5: 93 | BM5: 95 | BN5: 91 | BO5: 91 | BP5: 89 | BQ5: 82 | BR5: {=INDEX('DOWN 가격동향'!$DD$10:$AHC$10,MATCH(1,('DOWN 가격동향'!$K$8:$AHC$8='동향 그래프 ~시세반영 '!$A5)*('DOWN 가격동향'!$DD$9:$AHC$9='동향 그래프 ~시세반영 '!BR$3),0))} -> 82 | BS5: {=INDEX('DOWN 가격동향'!$DD$10:$AHC$10,MATCH(1,('DOWN 가격동향'!$K$8:$AHC$8='동향 그래프 ~시세반영 '!$A5)*('DOWN 가격동향'!$DD$9:$AHC$9='동향 그래프 ~시세반영 '!BS$3),0))} -> 85 | BT5: {=INDEX('DOWN 가격동향'!$DD$10:$AHC$10,MATCH(1,('DOWN 가격동향'!$K$8:$AHC$8='동향 그래프 ~시세반영 '!$A5)*('DOWN 가격동향'!$DD$9:$AHC$9='동향 그래프 ~시세반영 '!BT$3),0))} -> 86.6 | BU5: {=INDEX('DOWN 가격동향'!$DD$10:$AHC$10,MATCH(1,('DOWN 가격동향'!$K$8:$AHC$8='동향 그래프 ~시세반영 '!$A5)*('DOWN 가격동향'!$DD$9:$AHC$9='동향 그래프 ~시세반영 '!BU$3),0))} -> 84.6 | BV5: {=INDEX('DOWN 가격동향'!$DD$10:$AHC$10,MATCH(1,('DOWN 가격동향'!$K$8:$AHC$8='동향 그래프 ~시세반영 '!$A5)*('DOWN 가격동향'!$DD$9:$AHC$9='동향 그래프 ~시세반영 '!BV$3),0))} -> 84 | BW5: {=INDEX('DOWN 가격동향'!$DD$10:$AHC$10,MATCH(1,('DOWN 가격동향'!$K$8:$AHC$8='동향 그래프 ~시세반영 '!$A5)*('DOWN 가격동향'!$DD$9:$AHC$9='동향 그래프 ~시세반영 '!BW$3),0))} -> 84 | BX5: {=INDEX('DOWN 가격동향'!$DD$10:$AHC$10,MATCH(1,('DOWN 가격동향'!$K$8:$AHC$8='동향 그래프 ~시세반영 '!$A5)*('DOWN 가격동향'!$DD$9:$AHC$9='동향 그래프 ~시세반영 '!BX$3),0))} -> 84 | BY5: {=INDEX('DOWN 가격동향'!$DD$10:$AHC$10,MATCH(1,('DOWN 가격동향'!$K$8:$AHC$8='동향 그래프 ~시세반영 '!$A5)*('DOWN 가격동향'!$DD$9:$AHC$9='동향 그래프 ~시세반영 '!BY$3),0))} -> 85 | ... CT5: {=INDEX('DOWN 가격동향'!$DD$10:$AHC$10,MATCH(1,('DOWN 가격동향'!$K$8:$AHC$8='동향 그래프 ~시세반영 '!$A5)*('DOWN 가격동향'!$DD$9:$AHC$9='동향 그래프 ~시세반영 '!CT$3),0))} -> 107 | CU5: {=INDEX('DOWN 가격동향'!$DD$10:$BBC$10,MATCH(1,('DOWN 가격동향'!$K$8:$BBC$8='동향 그래프 ~시세반영 '!A5)*('DOWN 가격동향'!$DD$9:$BBC$9='동향 그래프 ~시세반영 '!CU$3),0))} -> 110
A6: 다음앤큐큐 | B6: 66.3 | C6: 66.3 | D6: 66.3 | E6: 66.3 | F6: 72.3 | G6: 72.3 | H6: 71 | I6: 71 | J6: 69 | K6: 69 | L6: 69 | M6: 67 | N6: 67 | O6: 67 | P6: 67 | Q6: 75.3 | R6: 75.3 | S6: 71.3 | T6: 75.3 | U6: 75.3 | V6: 72.3 | W6: 72.3 | X6: 72.3 | Y6: 72.3 | Z6: 72.3 | AA6: 72.3 | AB6: 72.3 | AC6: 72.3 | AD6: 72.3 | AE6: 72.3 | AF6: 73 | AG6: 72 | AH6: 73 | AI6: 76 | AJ6: 79 | AK6: 79 | AL6: 78 | AM6: 90 | AN6: 100 | AO6: 105 | AP6: 105 | AQ6: 105 | AR6: 110 | AS6: 110 | AT6: 105 | AU6: 115 | AV6: 128 | AW6: 128 | AX6: 132 | AY6: 132 | AZ6: 118 | BA6: 114 | BB6: 114 | BC6: 114 | BD6: 113 | BE6: 108 | BF6: 103 | BG6: 99 | BH6: 87.3 | BI6: 89.3 | BJ6: 86.3 | BK6: 86.3 | BL6: 86.3 | BM6: 86.3 | BN6: 85 | BO6: 80.3 | BP6: 79.3 | BQ6: 82.8 | BR6: {=INDEX('DOWN 가격동향'!$DD$10:$AHC$10,MATCH(1,('DOWN 가격동향'!$K$8:$AHC$8='동향 그래프 ~시세반영 '!$A6)*('DOWN 가격동향'!$DD$9:$AHC$9='동향 그래프 ~시세반영 '!BR$3),0))} -> 86.3 | BS6: {=INDEX('DOWN 가격동향'!$DD$10:$AHC$10,MATCH(1,('DOWN 가격동향'!$K$8:$AHC$8='동향 그래프 ~시세반영 '!$A6)*('DOWN 가격동향'!$DD$9:$AHC$9='동향 그래프 ~시세반영 '!BS$3),0))} -> 84.3 | BT6: {=INDEX('DOWN 가격동향'!$DD$10:$AHC$10,MATCH(1,('DOWN 가격동향'!$K$8:$AHC$8='동향 그래프 ~시세반영 '!$A6)*('DOWN 가격동향'!$DD$9:$AHC$9='동향 그래프 ~시세반영 '!BT$3),0))} -> 84.3 | BU6: {=INDEX('DOWN 가격동향'!$DD$10:$AHC$10,MATCH(1,('DOWN 가격동향'!$K$8:$AHC$8='동향 그래프 ~시세반영 '!$A6)*('DOWN 가격동향'!$DD$9:$AHC$9='동향 그래프 ~시세반영 '!BU$3),0))} -> 81.3 | BV6: {=INDEX('DOWN 가격동향'!$DD$10:$AHC$10,MATCH(1,('DOWN 가격동향'!$K$8:$AHC$8='동향 그래프 ~시세반영 '!$A6)*('DOWN 가격동향'!$DD$9:$AHC$9='동향 그래프 ~시세반영 '!BV$3),0))} -> 81.3 | BW6: {=INDEX('DOWN 가격동향'!$DD$10:$AHC$10,MATCH(1,('DOWN 가격동향'!$K$8:$AHC$8='동향 그래프 ~시세반영 '!$A6)*('DOWN 가격동향'!$DD$9:$AHC$9='동향 그래프 ~시세반영 '!BW$3),0))} -> 81.3 | BX6: {=INDEX('DOWN 가격동향'!$DD$10:$AHC$10,MATCH(1,('DOWN 가격동향'!$K$8:$AHC$8='동향 그래프 ~시세반영 '!$A6)*('DOWN 가격동향'!$DD$9:$AHC$9='동향 그래프 ~시세반영 '!BX$3),0))} -> 81.3 | BY6: {=INDEX('DOWN 가격동향'!$DD$10:$AHC$10,MATCH(1,('DOWN 가격동향'!$K$8:$AHC$8='동향 그래프 ~시세반영 '!$A6)*('DOWN 가격동향'!$DD$9:$AHC$9='동향 그래프 ~시세반영 '!BY$3),0))} -> 81.3 | ... CT6: {=INDEX('DOWN 가격동향'!$DD$10:$AHC$10,MATCH(1,('DOWN 가격동향'!$K$8:$AHC$8='동향 그래프 ~시세반영 '!$A6)*('DOWN 가격동향'!$DD$9:$AHC$9='동향 그래프 ~시세반영 '!CT$3),0))} -> 0 | CU6: {=INDEX('DOWN 가격동향'!$DD$10:$BBC$10,MATCH(1,('DOWN 가격동향'!$K$8:$BBC$8='동향 그래프 ~시세반영 '!A6)*('DOWN 가격동향'!$DD$9:$BBC$9='동향 그래프 ~시세반영 '!CU$3),0))} -> 0
A7: ALLIED | B7: 68.4 | C7: 72 | D7: 72 | E7: 76.5 | F7: 74.5 | G7: 74.46 | H7: 71.65 | I7: 71.65 | J7: 71.65 | K7: 71.65 | L7: 71.07 | M7: 71.07 | N7: 69.12 | O7: 69.12 | P7: 69.12 | Q7: 77.2 | R7: 82.7 | S7: 82.7 | T7: 79.8 | U7: 79.8 | V7: 79.8 | W7: 79.3 | X7: 78.3 | Y7: 77.8 | Z7: 77.8 | AA7: 77.4 | AB7: 77.4 | AC7: 79.3 | AD7: 79.3 | AE7: 78.8 | AF7: 78.8 | AG7: 75.9 | AH7: 76.2 | AI7: 81.3 | AJ7: 97.2 | AK7: 97.2 | AL7: 104.6 | AM7: 109.1 | AN7: 109.1 | AO7: 112.1 | AP7: 112.1 | AQ7: 118.6 | AR7: 125.5 | AS7: 125.5 | AT7: 129.7 | AU7: 129.7 | AV7: 138.1 | AW7: 138.1 | AX7: 138.1 | AY7: 138.1 | AZ7: 138.9 | BA7: 138.9 | BB7: 138.1 | BC7: 124.1 | BD7: 124.1 | BE7: 125.7 | BF7: 102.4 | BG7: 99 | BH7: 92.1 | BI7: 92.1 | BJ7: 86.3 | BK7: 88.4 | BL7: 85.1 | BM7: 85.1 | BN7: 81.9 | BO7: 80.2 | BP7: 80.2 | BQ7: 77 | BR7: {=INDEX('DOWN 가격동향'!$DD$10:$AHC$10,MATCH(1,('DOWN 가격동향'!$K$8:$AHC$8='동향 그래프 ~시세반영 '!$A7)*('DOWN 가격동향'!$DD$9:$AHC$9='동향 그래프 ~시세반영 '!BR$3),0))} -> 79.1 | BS7: {=INDEX('DOWN 가격동향'!$DD$10:$AHC$10,MATCH(1,('DOWN 가격동향'!$K$8:$AHC$8='동향 그래프 ~시세반영 '!$A7)*('DOWN 가격동향'!$DD$9:$AHC$9='동향 그래프 ~시세반영 '!BS$3),0))} -> 79.1 | BT7: {=INDEX('DOWN 가격동향'!$DD$10:$AHC$10,MATCH(1,('DOWN 가격동향'!$K$8:$AHC$8='동향 그래프 ~시세반영 '!$A7)*('DOWN 가격동향'!$DD$9:$AHC$9='동향 그래프 ~시세반영 '!BT$3),0))} -> 79.1 | BU7: {=INDEX('DOWN 가격동향'!$DD$10:$AHC$10,MATCH(1,('DOWN 가격동향'!$K$8:$AHC$8='동향 그래프 ~시세반영 '!$A7)*('DOWN 가격동향'!$DD$9:$AHC$9='동향 그래프 ~시세반영 '!BU$3),0))} -> 76.3 | BV7: {=INDEX('DOWN 가격동향'!$DD$10:$AHC$10,MATCH(1,('DOWN 가격동향'!$K$8:$AHC$8='동향 그래프 ~시세반영 '!$A7)*('DOWN 가격동향'!$DD$9:$AHC$9='동향 그래프 ~시세반영 '!BV$3),0))} -> 75.8 | BW7: {=INDEX('DOWN 가격동향'!$DD$10:$AHC$10,MATCH(1,('DOWN 가격동향'!$K$8:$AHC$8='동향 그래프 ~시세반영 '!$A7)*('DOWN 가격동향'!$DD$9:$AHC$9='동향 그래프 ~시세반영 '!BW$3),0))} -> 75.8 | BX7: {=INDEX('DOWN 가격동향'!$DD$10:$AHC$10,MATCH(1,('DOWN 가격동향'!$K$8:$AHC$8='동향 그래프 ~시세반영 '!$A7)*('DOWN 가격동향'!$DD$9:$AHC$9='동향 그래프 ~시세반영 '!BX$3),0))} -> 78.3 | BY7: {=INDEX('DOWN 가격동향'!$DD$10:$AHC$10,MATCH(1,('DOWN 가격동향'!$K$8:$AHC$8='동향 그래프 ~시세반영 '!$A7)*('DOWN 가격동향'!$DD$9:$AHC$9='동향 그래프 ~시세반영 '!BY$3),0))} -> 85.7 | ... CT7: {=INDEX('DOWN 가격동향'!$DD$10:$AHC$10,MATCH(1,('DOWN 가격동향'!$K$8:$AHC$8='동향 그래프 ~시세반영 '!$A7)*('DOWN 가격동향'!$DD$9:$AHC$9='동향 그래프 ~시세반영 '!CT$3),0))} -> 110.8 | CU7: {=INDEX('DOWN 가격동향'!$DD$10:$BBC$10,MATCH(1,('DOWN 가격동향'!$K$8:$BBC$8='동향 그래프 ~시세반영 '!A7)*('DOWN 가격동향'!$DD$9:$BBC$9='동향 그래프 ~시세반영 '!CU$3),0))} -> 110.2
A8: 태평양 | B8: 66.4 | C8: 66.2 | D8: 66.2 | E8: 67.3 | F8: 67.3 | G8: 67.3 | H8: 67 | I8: 66 | J8: 66 | K8: 66 | L8: 66 | M8: 66 | N8: 66 | O8: 66 | P8: 72 | Q8: 68 | R8: 69 | S8: 72 | T8: 68.3 | U8: 68.3 | V8: 68.3 | W8: 68.3 | X8: 68.3 | Y8: 68.3 | Z8: 76.6 | AA8: 76.6 | AB8: 76.6 | AC8: 76.6 | AD8: 76.6 | AE8: 76.6 | AF8: 76.6 | AG8: 78.7 | AH8: 78.7 | AI8: 78.7 | AJ8: 80.8 | AK8: 80.8 | AL8: 80.8 | AM8: 88.9 | AN8: 95 | AO8: 95 | AP8: 100 | AQ8: 100 | AR8: 103 | AS8: 103 | AT8: 106 | AU8: 115 | AV8: 123 | AW8: 123 | AX8: 145 | AY8: 145 | AZ8: 145 | BA8: 145 | BB8: 145 | BC8: 145 | BD8: 117.3 | BE8: 117.3 | BF8: 110.3 | BG8: 103 | BH8: 103 | BI8: 103 | BJ8: 103 | BK8: 90.3 | BL8: 86.8 | BM8: 86.3 | BN8: 81.3 | BO8: 82.3 | BP8: 83.3 | BQ8: 83.3 | BR8: {=INDEX('DOWN 가격동향'!$DD$10:$AHC$10,MATCH(1,('DOWN 가격동향'!$K$8:$AHC$8='동향 그래프 ~시세반영 '!$A8)*('DOWN 가격동향'!$DD$9:$AHC$9='동향 그래프 ~시세반영 '!BR$3),0))} -> 94.3 | BS8: {=INDEX('DOWN 가격동향'!$DD$10:$AHC$10,MATCH(1,('DOWN 가격동향'!$K$8:$AHC$8='동향 그래프 ~시세반영 '!$A8)*('DOWN 가격동향'!$DD$9:$AHC$9='동향 그래프 ~시세반영 '!BS$3),0))} -> 94.3 | BT8: {=INDEX('DOWN 가격동향'!$DD$10:$AHC$10,MATCH(1,('DOWN 가격동향'!$K$8:$AHC$8='동향 그래프 ~시세반영 '!$A8)*('DOWN 가격동향'!$DD$9:$AHC$9='동향 그래프 ~시세반영 '!BT$3),0))} -> 89.3 | BU8: {=INDEX('DOWN 가격동향'!$DD$10:$AHC$10,MATCH(1,('DOWN 가격동향'!$K$8:$AHC$8='동향 그래프 ~시세반영 '!$A8)*('DOWN 가격동향'!$DD$9:$AHC$9='동향 그래프 ~시세반영 '!BU$3),0))} -> 89.3 | BV8: {=INDEX('DOWN 가격동향'!$DD$10:$AHC$10,MATCH(1,('DOWN 가격동향'!$K$8:$AHC$8='동향 그래프 ~시세반영 '!$A8)*('DOWN 가격동향'!$DD$9:$AHC$9='동향 그래프 ~시세반영 '!BV$3),0))} -> 78.3 | BW8: {=INDEX('DOWN 가격동향'!$DD$10:$AHC$10,MATCH(1,('DOWN 가격동향'!$K$8:$AHC$8='동향 그래프 ~시세반영 '!$A8)*('DOWN 가격동향'!$DD$9:$AHC$9='동향 그래프 ~시세반영 '!BW$3),0))} -> 78.3 | BX8: {=INDEX('DOWN 가격동향'!$DD$10:$AHC$10,MATCH(1,('DOWN 가격동향'!$K$8:$AHC$8='동향 그래프 ~시세반영 '!$A8)*('DOWN 가격동향'!$DD$9:$AHC$9='동향 그래프 ~시세반영 '!BX$3),0))} -> 85.3 | BY8: {=INDEX('DOWN 가격동향'!$DD$10:$AHC$10,MATCH(1,('DOWN 가격동향'!$K$8:$AHC$8='동향 그래프 ~시세반영 '!$A8)*('DOWN 가격동향'!$DD$9:$AHC$9='동향 그래프 ~시세반영 '!BY$3),0))} -> 85.3 | ... CT8: {=INDEX('DOWN 가격동향'!$DD$10:$AHC$10,MATCH(1,('DOWN 가격동향'!$K$8:$AHC$8='동향 그래프 ~시세반영 '!$A8)*('DOWN 가격동향'!$DD$9:$AHC$9='동향 그래프 ~시세반영 '!CT$3),0))} -> 103.5 | CU8: {=INDEX('DOWN 가격동향'!$DD$10:$BBC$10,MATCH(1,('DOWN 가격동향'!$K$8:$BBC$8='동향 그래프 ~시세반영 '!A8)*('DOWN 가격동향'!$DD$9:$BBC$9='동향 그래프 ~시세반영 '!CU$3),0))} -> 111
A9: 신주원 | B9: 67.3 | C9: 67.8 | D9: 67.8 | E9: 68.3 | F9: 69.3 | G9: 69.3 | H9: 70 | I9: 70 | J9: 68 | K9: 68 | L9: 68 | M9: 70.3 | N9: 71 | O9: 72 | P9: 72 | Q9: 65.3 | R9: 66.3 | S9: 68.3 | T9: 71.3 | U9: 71.3 | V9: 74 | W9: 74 | X9: 76 | Y9: 76 | Z9: 76 | AA9: 76 | AB9: 76 | AC9: 76.3 | AD9: 76.3 | AE9: 76.3 | AF9: 76.3 | AG9: 76.3 | AH9: 76.3 | AI9: 72.3 | AJ9: 74.3 | AK9: 82.3 | AL9: 87.3 | AM9: 89.3 | AN9: 110.3 | AO9: 120.3 | AP9: 120.3 | AQ9: 120.3 | AR9: 120.3 | AS9: 120.3 | AT9: 120.3 | AU9: 120.3 | AV9: 132 | AW9: 134 | AX9: 134 | AY9: 134 | AZ9: 122 | BA9: 119 | BB9: 125 | BC9: 125 | BD9: 118 | BE9: 113 | BF9: 107 | BG9: 98.3 | BH9: 84.3 | BI9: 85.3 | BJ9: 85.3 | BK9: 85.3 | BL9: 84.3 | BM9: 84.3 | BN9: 81.3 | BO9: 81.3 | BP9: 81.3 | BQ9: 82.3 | BR9: {=INDEX('DOWN 가격동향'!$DD$10:$AHC$10,MATCH(1,('DOWN 가격동향'!$K$8:$AHC$8='동향 그래프 ~시세반영 '!$A9)*('DOWN 가격동향'!$DD$9:$AHC$9='동향 그래프 ~시세반영 '!BR$3),0))} -> 82.3 | BS9: {=INDEX('DOWN 가격동향'!$DD$10:$AHC$10,MATCH(1,('DOWN 가격동향'!$K$8:$AHC$8='동향 그래프 ~시세반영 '!$A9)*('DOWN 가격동향'!$DD$9:$AHC$9='동향 그래프 ~시세반영 '!BS$3),0))} -> 89.3 | BT9: {=INDEX('DOWN 가격동향'!$DD$10:$AHC$10,MATCH(1,('DOWN 가격동향'!$K$8:$AHC$8='동향 그래프 ~시세반영 '!$A9)*('DOWN 가격동향'!$DD$9:$AHC$9='동향 그래프 ~시세반영 '!BT$3),0))} -> 89.3 | BU9: {=INDEX('DOWN 가격동향'!$DD$10:$AHC$10,MATCH(1,('DOWN 가격동향'!$K$8:$AHC$8='동향 그래프 ~시세반영 '!$A9)*('DOWN 가격동향'!$DD$9:$AHC$9='동향 그래프 ~시세반영 '!BU$3),0))} -> 88.3 | BV9: {=INDEX('DOWN 가격동향'!$DD$10:$AHC$10,MATCH(1,('DOWN 가격동향'!$K$8:$AHC$8='동향 그래프 ~시세반영 '!$A9)*('DOWN 가격동향'!$DD$9:$AHC$9='동향 그래프 ~시세반영 '!BV$3),0))} -> 88.3 | BW9: {=INDEX('DOWN 가격동향'!$DD$10:$AHC$10,MATCH(1,('DOWN 가격동향'!$K$8:$AHC$8='동향 그래프 ~시세반영 '!$A9)*('DOWN 가격동향'!$DD$9:$AHC$9='동향 그래프 ~시세반영 '!BW$3),0))} -> 88.3 | BX9: {=INDEX('DOWN 가격동향'!$DD$10:$AHC$10,MATCH(1,('DOWN 가격동향'!$K$8:$AHC$8='동향 그래프 ~시세반영 '!$A9)*('DOWN 가격동향'!$DD$9:$AHC$9='동향 그래프 ~시세반영 '!BX$3),0))} -> 89.3 | BY9: {=INDEX('DOWN 가격동향'!$DD$10:$AHC$10,MATCH(1,('DOWN 가격동향'!$K$8:$AHC$8='동향 그래프 ~시세반영 '!$A9)*('DOWN 가격동향'!$DD$9:$AHC$9='동향 그래프 ~시세반영 '!BY$3),0))} -> 89.3 | BZ9: 88.3 | CA9: 88.3 | CB9: 88.3 | CC9: 88.3 | CD9: 92.3 | CE9: 92.3 | CF9: 88.3 | CG9: 84.3 | CH9: 84.3 | CI9: 83 | CJ9: 83 | CK9: 85 | CL9: 92 | CM9: 95 | CN9: 95 | CO9: 95 | CP9: 95 | CQ9: 96 | CR9: 96 | CS9: 101 | CT9: 105 | CU9: {=INDEX('DOWN 가격동향'!10:10,MATCH(1,('DOWN 가격동향'!8:8='동향 그래프 ~시세반영 '!A9)*('DOWN 가격동향'!9:9='동향 그래프 ~시세반영 '!$CU3),0))} -> 105
A10: 남부다운 | BW10: {=INDEX('DOWN 가격동향'!$DD$10:$AHC$10,MATCH(1,('DOWN 가격동향'!$DD$8:$AHC$8='동향 그래프 ~시세반영 '!$A10)*('DOWN 가격동향'!$DD$9:$AHC$9='동향 그래프 ~시세반영 '!BW$3),0))} -> 80 | BX10: {=INDEX('DOWN 가격동향'!$DD$10:$AHC$10,MATCH(1,('DOWN 가격동향'!$DD$8:$AHC$8='동향 그래프 ~시세반영 '!$A10)*('DOWN 가격동향'!$DD$9:$AHC$9='동향 그래프 ~시세반영 '!BX$3),0))} -> 80 | BY10: 81.5 | BZ10: {=INDEX('DOWN 가격동향'!$DD$10:$AHC$10,MATCH(1,('DOWN 가격동향'!$K$8:$AHC$8='동향 그래프 ~시세반영 '!$A9)*('DOWN 가격동향'!$DD$9:$AHC$9='동향 그래프 ~시세반영 '!BZ$3),0))} -> 81.5 | CA10: {=INDEX('DOWN 가격동향'!$DD$10:$AHC$10,MATCH(1,('DOWN 가격동향'!$K$8:$AHC$8='동향 그래프 ~시세반영 '!$A9)*('DOWN 가격동향'!$DD$9:$AHC$9='동향 그래프 ~시세반영 '!CA$3),0))} -> 81 | CB10: {=INDEX('DOWN 가격동향'!$DD$10:$AHC$10,MATCH(1,('DOWN 가격동향'!$K$8:$AHC$8='동향 그래프 ~시세반영 '!$A9)*('DOWN 가격동향'!$DD$9:$AHC$9='동향 그래프 ~시세반영 '!CB$3),0))} -> 83.5 | CC10: {=INDEX('DOWN 가격동향'!$DD$10:$AHC$10,MATCH(1,('DOWN 가격동향'!$K$8:$AHC$8='동향 그래프 ~시세반영 '!$A9)*('DOWN 가격동향'!$DD$9:$AHC$9='동향 그래프 ~시세반영 '!CC$3),0))} -> 92 | CD10: {=INDEX('DOWN 가격동향'!$DD$10:$AHC$10,MATCH(1,('DOWN 가격동향'!$K$8:$AHC$8='동향 그래프 ~시세반영 '!$A9)*('DOWN 가격동향'!$DD$9:$AHC$9='동향 그래프 ~시세반영 '!CD$3),0))} -> 89 | CE10: {=INDEX('DOWN 가격동향'!$DD$10:$AHC$10,MATCH(1,('DOWN 가격동향'!$K$8:$AHC$8='동향 그래프 ~시세반영 '!$A9)*('DOWN 가격동향'!$DD$9:$AHC$9='동향 그래프 ~시세반영 '!CE$3),0))} -> 90 | CF10: {=INDEX('DOWN 가격동향'!$DD$10:$AHC$10,MATCH(1,('DOWN 가격동향'!$K$8:$AHC$8='동향 그래프 ~시세반영 '!$A9)*('DOWN 가격동향'!$DD$9:$AHC$9='동향 그래프 ~시세반영 '!CF$3),0))} -> 88 | CG10: {=INDEX('DOWN 가격동향'!$DD$10:$AHC$10,MATCH(1,('DOWN 가격동향'!$K$8:$AHC$8='동향 그래프 ~시세반영 '!$A9)*('DOWN 가격동향'!$DD$9:$AHC$9='동향 그래프 ~시세반영 '!CG$3),0))} -> 77 | ... CT10: {=INDEX('DOWN 가격동향'!$DD$10:$AHC$10,MATCH(1,('DOWN 가격동향'!$K$8:$AHC$8='동향 그래프 ~시세반영 '!$A9)*('DOWN 가격동향'!$DD$9:$AHC$9='동향 그래프 ~시세반영 '!CT$3),0))} -> 91.5 | CU10: {=INDEX('DOWN 가격동향'!10:10,MATCH(1,('DOWN 가격동향'!8:8='동향 그래프 ~시세반영 '!A10)*('DOWN 가격동향'!9:9='동향 그래프 ~시세반영 '!$CU3),0))} -> 95
A11: LY인터내셔널 | CF11: 92.3 | CG11: 92.3 | CH11: 85 | CI11: 87 | CJ11: 84.5 | CK11: 84.5 | CL11: 89 | CM11: 94.2 | CN11: 107 | CO11: 108.6 | CP11: 111.5 | CQ11: 108 | CR11: 106 | CS11: 101.5 | CT11: 101.5 | CU11: {=INDEX('DOWN 가격동향'!10:10,MATCH(1,('DOWN 가격동향'!8:8='동향 그래프 ~시세반영 '!A11)*('DOWN 가격동향'!9:9='동향 그래프 ~시세반영 '!$CU3),0))} -> 105.5
A12: GQ다운 | CU12: {=INDEX('DOWN 가격동향'!10:10,MATCH(1,('DOWN 가격동향'!8:8='동향 그래프 ~시세반영 '!A12)*('DOWN 가격동향'!9:9='동향 그래프 ~시세반영 '!$CU3),0))} -> 91.4 | CX12: 부킹가 | CY12: 대비
A13: RDS CHINA GOOSE DOWN 80/20 GREY 650FP+ | B13: =AVERAGE(B4:B9) -> 68.816667 | C13: =AVERAGE(C4:C9) -> 69.8 | D13: =AVERAGE(D4:D9) -> 70.383333 | E13: =AVERAGE(E4:E9) -> 72.066667 | F13: =AVERAGE(F4:F9) -> 72.566667 | G13: =AVERAGE(G4:G9) -> 72.06 | H13: =AVERAGE(H4:H9) -> 73.191667 | I13: =AVERAGE(I4:I9) -> 72.941667 | ... BQ13: =AVERAGE(BQ4:BQ9) -> 83.066667 | BR13: =AVERAGEIF(BR4:BR9,">0") -> 85.833333 | BS13: =AVERAGEIF(BS4:BS9,">0") -> 87.333333 | BT13: =AVERAGEIF(BT4:BT9,">0") -> 86.766667 | BU13: =AVERAGEIF(BU4:BU9,">0") -> 85.133333 | BV13: =AVERAGEIF(BV4:BV9,">0") -> 82.45 | BW13: =AVERAGEIF(BW4:BW10,">0") -> 82.1 | BX13: =AVERAGEIF(BX4:BX10,">0") -> 83.6 | BY13: =AVERAGEIF(BY4:BY10,">0") -> 85.014286 | BZ13: =AVERAGEIF(BZ4:BZ10,">0") -> 82.728571 | CA13: =AVERAGEIF(CA4:CA10,">0") -> 82.8 | CB13: =AVERAGEIF(CB4:CB10,">0") -> 85.542857 | CC13: =AVERAGEIF(CC4:CC10,">0") -> 88.685714 | CD13: =AVERAGEIF(CD4:CD10,">0") -> 89.457143 | CE13: =AVERAGEIF(CE4:CE11,">0") -> 89.471429 | CF13: =AVERAGEIF(CF4:CF11,">0") -> 87.485 | CG13: =AVERAGEIF(CG4:CG11,">0") -> 84.86 | CH13: =AVERAGEIF(CH4:CH11,">0") -> 84.04625 | CI13: =AVERAGEIF(CI4:CI11,">0") -> 85.3425 | CJ13: =AVERAGEIF(CJ4:CJ11,">0") -> 85.63 | CK13: =AVERAGEIF(CK4:CK11,">0") -> 86.9425 | CL13: =AVERAGEIF(CL4:CL11,">0") -> 92.9825 | ... CT13: =AVERAGEIF(CT4:CT11,">0") -> 102.04286 | CU13: =AVERAGEIF(CU4:CU12,">0") -> 102.8875 | CX13: 75.5 | CY13: =(CU13-CX13)/CX13 -> 0.36274834
C31: 23FW 선기획부킹 $63.24 (8/10) | L31: 23FW 부킹 $63.5(12/15)
Y34: 38.2 | Z34: 56.7 | AA34: =(Y34-Z34)/Y34 -> -0.48429319 | AB34: 37.9 | AC34: 56.5 | AD34: =(AB34-AC34)/AB34 -> -0.49076517
O35: 23년 | AL35: 24년 | CF35: 12월평균 | CG35: =AVERAGE(CF45:CG45) -> 52.31
A36: 업체명 | B36: 44747 | C36: 44761 | D36: 44783 | E36: 44797 | F36: 44811 | G36: =G3 -> 45191 | H36: =H3 -> 45204 | I36: =I3 -> 45221 | J36: =J3 -> 45232 | K36: =K3 -> 45246 | L36: =L3 -> 45260 | M36: =M3 -> 45273 | N36: =N3 -> 45287 | ... BG36: =BG3 -> 45623 | BH36: 45639 | BI36: 45653 | BJ36: 45666 | BK36: 45701 | BL36: 45716 | BM36: 45729 | BN36: 45757 | BO36: 45764 | BP36: 45778 | BQ36: 45793 | BR36: 45806 | BS36: 45820 | BT36: 45833 | BU36: 45848 | BV36: 45862 | BW36: 45876 | BX36: 45890 | BY36: 45904 | BZ36: 45917 | CA36: 45932 | CB36: 45946 | CC36: 45959 | CD36: 45975 | CE36: 45988 | CF36: 46002 | CG36: 46020 | CH36: 46031 | CI36: 46051 | CJ36: 46057 | CK36: 46073 | CL36: 46093 | CM36: 46114 | CN36: 46132 | CO36: 46142 | CP36: 46163 | CQ36: 46192 | CR36: =CR3 -> 46212 | CS36: =CS3 -> 46233 | CT36: =CT3 -> 46247 | CU36: =CU3 -> 46269
A37: PCK | B37: 39 | C37: 38.5 | D37: 41.5 | E37: 41.5 | F37: 41.5 | G37: 41.5 | H37: 39 | I37: 38.5 | J37: 37.5 | K37: 36.9 | L37: 35.5 | M37: 35.5 | N37: 35.5 | O37: 35.5 | P37: 35.5 | Q37: 35.5 | R37: 36.5 | S37: 38.5 | T37: 37.5 | U37: 35.5 | V37: 35 | W37: 34.5 | X37: 34.5 | Y37: 34 | Z37: 34.5 | AA37: 34.5 | AB37: 34.5 | AC37: 34 | AD37: 34 | AE37: 34 | AF37: 34 | AG37: 34.5 | AH37: 34.5 | AI37: 36 | AJ37: 38 | AK37: 38 | AL37: 36 | AM37: 37 | AN37: 38 | AO37: 40 | AP37: 45 | AQ37: 46 | AR37: 42 | AS37: 42 | AT37: 42 | AU37: 45 | AV37: 48 | AW37: 50 | AX37: 50 | AY37: 50 | AZ37: 50 | BA37: 50 | BB37: 50 | BC37: 53 | BD37: 55 | BE37: 54 | BF37: 52 | BG37: 49 | BH37: 45 | BI37: 47 | BJ37: 45 | BK37: 45 | BL37: 44 | BM37: 43 | BN37: 42 | BO37: 42 | BP37: 42 | BQ37: 41 | BR37: {=INDEX('DOWN 가격동향'!$DD$11:$AHC$11,MATCH(1,('DOWN 가격동향'!$K$8:$AHC$8='동향 그래프 ~시세반영 '!$A37)*('DOWN 가격동향'!$DD$9:$AHC$9='동향 그래프 ~시세반영 '!BR$3),0))} -> 41 | BS37: {=INDEX('DOWN 가격동향'!$DD$11:$AHC$11,MATCH(1,('DOWN 가격동향'!$K$8:$AHC$8='동향 그래프 ~시세반영 '!$A37)*('DOWN 가격동향'!$DD$9:$AHC$9='동향 그래프 ~시세반영 '!BS$3),0))} -> 42 | BT37: {=INDEX('DOWN 가격동향'!$DD$11:$AHC$11,MATCH(1,('DOWN 가격동향'!$K$8:$AHC$8='동향 그래프 ~시세반영 '!$A37)*('DOWN 가격동향'!$DD$9:$AHC$9='동향 그래프 ~시세반영 '!BT$3),0))} -> 44 | BU37: {=INDEX('DOWN 가격동향'!$DD$11:$AHC$11,MATCH(1,('DOWN 가격동향'!$K$8:$AHC$8='동향 그래프 ~시세반영 '!$A37)*('DOWN 가격동향'!$DD$9:$AHC$9='동향 그래프 ~시세반영 '!BU$3),0))} -> 41 | BV37: {=INDEX('DOWN 가격동향'!$DD$11:$AHC$11,MATCH(1,('DOWN 가격동향'!$K$8:$AHC$8='동향 그래프 ~시세반영 '!$A37)*('DOWN 가격동향'!$DD$9:$AHC$9='동향 그래프 ~시세반영 '!BV$3),0))} -> 45 | BW37: {=INDEX('DOWN 가격동향'!$DD$11:$AHC$11,MATCH(1,('DOWN 가격동향'!$K$8:$AHC$8='동향 그래프 ~시세반영 '!$A37)*('DOWN 가격동향'!$DD$9:$AHC$9='동향 그래프 ~시세반영 '!BW$3),0))} -> 46 | BX37: {=INDEX('DOWN 가격동향'!$DD$11:$AHC$11,MATCH(1,('DOWN 가격동향'!$K$8:$AHC$8='동향 그래프 ~시세반영 '!$A37)*('DOWN 가격동향'!$DD$9:$AHC$9='동향 그래프 ~시세반영 '!BX$3),0))} -> 47 | BY37: {=INDEX('DOWN 가격동향'!$DD$11:$AHC$11,MATCH(1,('DOWN 가격동향'!$K$8:$AHC$8='동향 그래프 ~시세반영 '!$A37)*('DOWN 가격동향'!$DD$9:$AHC$9='동향 그래프 ~시세반영 '!BY$3),0))} -> 47 | ... CU37: {=INDEX('DOWN 가격동향'!$DD$11:$AHC$11,MATCH(1,('DOWN 가격동향'!$K$8:$AHC$8='동향 그래프 ~시세반영 '!$A37)*('DOWN 가격동향'!$DD$9:$AHC$9='동향 그래프 ~시세반영 '!CU$3),0))} -> 60
A38: 광륭 | B38: 44.5 | C38: 46 | D38: 48 | E38: 50 | F38: 50 | G38: 43.5 | H38: 38.5 | I38: 36.7 | J38: 34.8 | K38: 34.6 | L38: 34.6 | M38: 35.8 | N38: 35.8 | O38: 38 | P38: 38 | Q38: 40 | R38: 49 | S38: 51 | T38: 50 | U38: 48 | V38: 50 | W38: 50 | X38: 49.5 | Y38: 44.5 | Z38: 44.5 | AA38: 44.1 | AB38: 44.1 | AC38: 43.7 | AD38: 44 | AE38: 44 | AF38: 44 | AG38: 44 | AH38: 43.5 | AI38: 38 | AJ38: 42 | AK38: 42 | AL38: 42 | AM38: 41 | AN38: 49 | AO38: 53 | AP38: 54.5 | AQ38: 54 | AR38: 53 | AS38: 53.5 | AT38: 49.5 | AU38: 49.5 | AV38: 58 | AW38: 59 | AX38: 58 | AY38: 59 | AZ38: 56 | BA38: 55 | BB38: 55.5 | BC38: 58 | BD38: 58 | BE38: 58 | BF38: 55 | BG38: 48 | BH38: 49 | BI38: 51 | BJ38: 51 | BK38: 50 | BL38: 48 | BM38: 48 | BN38: 47 | BO38: 47 | BP38: 47 | BQ38: 45.8 | BR38: {=INDEX('DOWN 가격동향'!$DD$11:$AHC$11,MATCH(1,('DOWN 가격동향'!$K$8:$AHC$8='동향 그래프 ~시세반영 '!$A38)*('DOWN 가격동향'!$DD$9:$AHC$9='동향 그래프 ~시세반영 '!BR$3),0))} -> 44.5 | BS38: {=INDEX('DOWN 가격동향'!$DD$11:$AHC$11,MATCH(1,('DOWN 가격동향'!$K$8:$AHC$8='동향 그래프 ~시세반영 '!$A38)*('DOWN 가격동향'!$DD$9:$AHC$9='동향 그래프 ~시세반영 '!BS$3),0))} -> 46.5 | BT38: {=INDEX('DOWN 가격동향'!$DD$11:$AHC$11,MATCH(1,('DOWN 가격동향'!$K$8:$AHC$8='동향 그래프 ~시세반영 '!$A38)*('DOWN 가격동향'!$DD$9:$AHC$9='동향 그래프 ~시세반영 '!BT$3),0))} -> 50.5 | BU38: {=INDEX('DOWN 가격동향'!$DD$11:$AHC$11,MATCH(1,('DOWN 가격동향'!$K$8:$AHC$8='동향 그래프 ~시세반영 '!$A38)*('DOWN 가격동향'!$DD$9:$AHC$9='동향 그래프 ~시세반영 '!BU$3),0))} -> 48.5 | BV38: {=INDEX('DOWN 가격동향'!$DD$11:$AHC$11,MATCH(1,('DOWN 가격동향'!$K$8:$AHC$8='동향 그래프 ~시세반영 '!$A38)*('DOWN 가격동향'!$DD$9:$AHC$9='동향 그래프 ~시세반영 '!BV$3),0))} -> 45.5 | BW38: {=INDEX('DOWN 가격동향'!$DD$11:$AHC$11,MATCH(1,('DOWN 가격동향'!$K$8:$AHC$8='동향 그래프 ~시세반영 '!$A38)*('DOWN 가격동향'!$DD$9:$AHC$9='동향 그래프 ~시세반영 '!BW$3),0))} -> 45.5 | BX38: {=INDEX('DOWN 가격동향'!$DD$11:$AHC$11,MATCH(1,('DOWN 가격동향'!$K$8:$AHC$8='동향 그래프 ~시세반영 '!$A38)*('DOWN 가격동향'!$DD$9:$AHC$9='동향 그래프 ~시세반영 '!BX$3),0))} -> 47 | BY38: {=INDEX('DOWN 가격동향'!$DD$11:$AHC$11,MATCH(1,('DOWN 가격동향'!$K$8:$AHC$8='동향 그래프 ~시세반영 '!$A38)*('DOWN 가격동향'!$DD$9:$AHC$9='동향 그래프 ~시세반영 '!BY$3),0))} -> 48 | ... CU38: {=INDEX('DOWN 가격동향'!$DD$11:$AHC$11,MATCH(1,('DOWN 가격동향'!$K$8:$AHC$8='동향 그래프 ~시세반영 '!$A38)*('DOWN 가격동향'!$DD$9:$AHC$9='동향 그래프 ~시세반영 '!CU$3),0))} -> 64.5
A39: 다음앤큐큐 | B39: 39.3 | C39: 39.3 | D39: 39.3 | E39: 39.3 | F39: 39.3 | G39: 41.3 | H39: 39.3 | I39: 38.8 | J39: 34.3 | K39: 34.3 | L39: 34.3 | M39: 33.3 | N39: 33.3 | O39: 33.3 | P39: 33.3 | Q39: 40.3 | R39: 40.3 | S39: 37.3 | T39: 39.3 | U39: 39.3 | V39: 39.3 | W39: 39.3 | X39: 39.3 | Y39: 39.3 | Z39: 39.5 | AA39: 39.5 | AB39: 39.5 | AC39: 37.3 | AD39: 37.3 | AE39: 37.3 | AF39: 36 | AG39: 35 | AH39: 35 | AI39: 36 | AJ39: 38 | AK39: 38 | AL39: 37 | AM39: 45 | AN39: 48 | AO39: 48 | AP39: 49 | AQ39: 50 | AR39: 48 | AS39: 48 | AT39: 48 | AU39: 49 | AV39: 55 | AW39: 55 | AX39: 58 | AY39: 56 | AZ39: 53 | BA39: 51 | BB39: 51 | BC39: 53 | BD39: 52 | BE39: 52 | BF39: 51 | BG39: 48 | BH39: 43.3 | BI39: 45.3 | BJ39: 44.3 | BK39: 44.3 | BL39: 44.3 | BM39: 44.3 | BN39: 43 | BO39: 40.3 | BP39: 41.3 | BQ39: 42.3 | BR39: {=INDEX('DOWN 가격동향'!$DD$11:$AHC$11,MATCH(1,('DOWN 가격동향'!$K$8:$AHC$8='동향 그래프 ~시세반영 '!$A39)*('DOWN 가격동향'!$DD$9:$AHC$9='동향 그래프 ~시세반영 '!BR$3),0))} -> 45.1 | BS39: {=INDEX('DOWN 가격동향'!$DD$11:$AHC$11,MATCH(1,('DOWN 가격동향'!$K$8:$AHC$8='동향 그래프 ~시세반영 '!$A39)*('DOWN 가격동향'!$DD$9:$AHC$9='동향 그래프 ~시세반영 '!BS$3),0))} -> 48.3 | BT39: {=INDEX('DOWN 가격동향'!$DD$11:$AHC$11,MATCH(1,('DOWN 가격동향'!$K$8:$AHC$8='동향 그래프 ~시세반영 '!$A39)*('DOWN 가격동향'!$DD$9:$AHC$9='동향 그래프 ~시세반영 '!BT$3),0))} -> 48.3 | BU39: {=INDEX('DOWN 가격동향'!$DD$11:$AHC$11,MATCH(1,('DOWN 가격동향'!$K$8:$AHC$8='동향 그래프 ~시세반영 '!$A39)*('DOWN 가격동향'!$DD$9:$AHC$9='동향 그래프 ~시세반영 '!BU$3),0))} -> 43.3 | BV39: {=INDEX('DOWN 가격동향'!$DD$11:$AHC$11,MATCH(1,('DOWN 가격동향'!$K$8:$AHC$8='동향 그래프 ~시세반영 '!$A39)*('DOWN 가격동향'!$DD$9:$AHC$9='동향 그래프 ~시세반영 '!BV$3),0))} -> 44.3 | BW39: {=INDEX('DOWN 가격동향'!$DD$11:$AHC$11,MATCH(1,('DOWN 가격동향'!$K$8:$AHC$8='동향 그래프 ~시세반영 '!$A39)*('DOWN 가격동향'!$DD$9:$AHC$9='동향 그래프 ~시세반영 '!BW$3),0))} -> 44.3 | BX39: {=INDEX('DOWN 가격동향'!$DD$11:$AHC$11,MATCH(1,('DOWN 가격동향'!$K$8:$AHC$8='동향 그래프 ~시세반영 '!$A39)*('DOWN 가격동향'!$DD$9:$AHC$9='동향 그래프 ~시세반영 '!BX$3),0))} -> 44.3 | BY39: {=INDEX('DOWN 가격동향'!$DD$11:$AHC$11,MATCH(1,('DOWN 가격동향'!$K$8:$AHC$8='동향 그래프 ~시세반영 '!$A39)*('DOWN 가격동향'!$DD$9:$AHC$9='동향 그래프 ~시세반영 '!BY$3),0))} -> 44.3 | ... CU39: {=INDEX('DOWN 가격동향'!$DD$11:$AHC$11,MATCH(1,('DOWN 가격동향'!$K$8:$AHC$8='동향 그래프 ~시세반영 '!$A39)*('DOWN 가격동향'!$DD$9:$AHC$9='동향 그래프 ~시세반영 '!CU$3),0))} -> 0
A40: ALLIED | B40: 38.6 | C40: 37.7 | D40: 40.3 | E40: 40.3 | F40: 39.3 | G40: 39.34 | H40: 37.9 | I40: 36.14 | J40: 33.9 | K40: 34.14 | L40: 33.9 | M40: 32.22 | N40: 36.54 | O40: 36.54 | P40: 36.54 | Q40: 41.5 | R40: 40.2 | S40: 40.2 | T40: 39.6 | U40: 38.8 | V40: 38.8 | W40: 38.5 | X40: 38 | Y40: 37 | Z40: 37 | AA40: 36.9 | AB40: 36.9 | AC40: 37 | AD40: 37 | AE40: 37 | AF40: 36.3 | AG40: 36.3 | AH40: 36.3 | AI40: 40.6 | AJ40: 42.4 | AK40: 42.4 | AL40: 43.7 | AM40: 45.6 | AN40: 45.6 | AO40: 48.9 | AP40: 48.9 | AQ40: 50.1 | AR40: 51 | AS40: 51 | AT40: 51.8 | AU40: 51.8 | AV40: 59.1 | AW40: 59.1 | AX40: 59.1 | AY40: 59.1 | AZ40: 59.1 | BA40: 55.1 | BB40: 55.1 | BC40: 57.8 | BD40: 57.8 | BE40: 57.7 | BF40: 49.3 | BG40: 49.4 | BH40: 41.3 | BI40: 41.3 | BJ40: 41.3 | BK40: 41.3 | BL40: 41.3 | BM40: 41.3 | BN40: 40.8 | BO40: 40.8 | BP40: 40.8 | BQ40: 40.8 | BR40: {=INDEX('DOWN 가격동향'!$DD$11:$AHC$11,MATCH(1,('DOWN 가격동향'!$K$8:$AHC$8='동향 그래프 ~시세반영 '!$A40)*('DOWN 가격동향'!$DD$9:$AHC$9='동향 그래프 ~시세반영 '!BR$3),0))} -> 46.4 | BS40: {=INDEX('DOWN 가격동향'!$DD$11:$AHC$11,MATCH(1,('DOWN 가격동향'!$K$8:$AHC$8='동향 그래프 ~시세반영 '!$A40)*('DOWN 가격동향'!$DD$9:$AHC$9='동향 그래프 ~시세반영 '!BS$3),0))} -> 46.4 | BT40: {=INDEX('DOWN 가격동향'!$DD$11:$AHC$11,MATCH(1,('DOWN 가격동향'!$K$8:$AHC$8='동향 그래프 ~시세반영 '!$A40)*('DOWN 가격동향'!$DD$9:$AHC$9='동향 그래프 ~시세반영 '!BT$3),0))} -> 46.4 | BU40: {=INDEX('DOWN 가격동향'!$DD$11:$AHC$11,MATCH(1,('DOWN 가격동향'!$K$8:$AHC$8='동향 그래프 ~시세반영 '!$A40)*('DOWN 가격동향'!$DD$9:$AHC$9='동향 그래프 ~시세반영 '!BU$3),0))} -> 41.3 | BV40: {=INDEX('DOWN 가격동향'!$DD$11:$AHC$11,MATCH(1,('DOWN 가격동향'!$K$8:$AHC$8='동향 그래프 ~시세반영 '!$A40)*('DOWN 가격동향'!$DD$9:$AHC$9='동향 그래프 ~시세반영 '!BV$3),0))} -> 44.8 | BW40: {=INDEX('DOWN 가격동향'!$DD$11:$AHC$11,MATCH(1,('DOWN 가격동향'!$K$8:$AHC$8='동향 그래프 ~시세반영 '!$A40)*('DOWN 가격동향'!$DD$9:$AHC$9='동향 그래프 ~시세반영 '!BW$3),0))} -> 44.8 | BX40: {=INDEX('DOWN 가격동향'!$DD$11:$AHC$11,MATCH(1,('DOWN 가격동향'!$K$8:$AHC$8='동향 그래프 ~시세반영 '!$A40)*('DOWN 가격동향'!$DD$9:$AHC$9='동향 그래프 ~시세반영 '!BX$3),0))} -> 46.4 | BY40: {=INDEX('DOWN 가격동향'!$DD$11:$AHC$11,MATCH(1,('DOWN 가격동향'!$K$8:$AHC$8='동향 그래프 ~시세반영 '!$A40)*('DOWN 가격동향'!$DD$9:$AHC$9='동향 그래프 ~시세반영 '!BY$3),0))} -> 49.6 | ... CU40: {=INDEX('DOWN 가격동향'!$DD$11:$AHC$11,MATCH(1,('DOWN 가격동향'!$K$8:$AHC$8='동향 그래프 ~시세반영 '!$A40)*('DOWN 가격동향'!$DD$9:$AHC$9='동향 그래프 ~시세반영 '!CU$3),0))} -> 61.4
A41: 태평양 | B41: 41.1 | C41: 41.1 | D41: 40.6 | E41: 41.6 | F41: 41.6 | G41: 41.6 | H41: 39 | I41: 39 | J41: 38.3 | K41: 35.3 | L41: 35.3 | M41: 35.3 | N41: 35.3 | O41: 34.3 | P41: 34.3 | Q41: 34.3 | R41: 35.3 | S41: 39.3 | T41: 35.3 | U41: 35.3 | V41: 35.3 | W41: 35.3 | X41: 35.3 | Y41: 36.3 | Z41: 37 | AA41: 37 | AB41: 37 | AC41: 36.3 | AD41: 36.3 | AE41: 36.3 | AF41: 36.3 | AG41: 36.3 | AH41: 36.3 | AI41: 36.3 | AJ41: 37.3 | AK41: 37.3 | AL41: 38.3 | AM41: 42 | AN41: 44 | AO41: 44 | AP41: 44 | AQ41: 44 | AR41: 45 | AS41: 45 | AT41: 45 | AU41: 49 | AV41: 53 | AW41: 53 | AX41: 56 | AY41: 56 | AZ41: 60 | BA41: 60 | BB41: 60 | BC41: 60 | BD41: 55 | BE41: 52.3 | BF41: 51.3 | BG41: 46.5 | BH41: 46 | BI41: 46 | BJ41: 46 | BK41: 46.3 | BL41: 46.3 | BM41: 45.8 | BN41: 43.3 | BO41: 44.3 | BP41: 44.8 | BQ41: 44.8 | BR41: {=INDEX('DOWN 가격동향'!$DD$11:$AHC$11,MATCH(1,('DOWN 가격동향'!$K$8:$AHC$8='동향 그래프 ~시세반영 '!$A41)*('DOWN 가격동향'!$DD$9:$AHC$9='동향 그래프 ~시세반영 '!BR$3),0))} -> 52.3 | BS41: {=INDEX('DOWN 가격동향'!$DD$11:$AHC$11,MATCH(1,('DOWN 가격동향'!$K$8:$AHC$8='동향 그래프 ~시세반영 '!$A41)*('DOWN 가격동향'!$DD$9:$AHC$9='동향 그래프 ~시세반영 '!BS$3),0))} -> 52.3 | BT41: {=INDEX('DOWN 가격동향'!$DD$11:$AHC$11,MATCH(1,('DOWN 가격동향'!$K$8:$AHC$8='동향 그래프 ~시세반영 '!$A41)*('DOWN 가격동향'!$DD$9:$AHC$9='동향 그래프 ~시세반영 '!BT$3),0))} -> 49.8 | BU41: {=INDEX('DOWN 가격동향'!$DD$11:$AHC$11,MATCH(1,('DOWN 가격동향'!$K$8:$AHC$8='동향 그래프 ~시세반영 '!$A41)*('DOWN 가격동향'!$DD$9:$AHC$9='동향 그래프 ~시세반영 '!BU$3),0))} -> 49.8 | BV41: {=INDEX('DOWN 가격동향'!$DD$11:$AHC$11,MATCH(1,('DOWN 가격동향'!$K$8:$AHC$8='동향 그래프 ~시세반영 '!$A41)*('DOWN 가격동향'!$DD$9:$AHC$9='동향 그래프 ~시세반영 '!BV$3),0))} -> 48.3 | BW41: {=INDEX('DOWN 가격동향'!$DD$11:$AHC$11,MATCH(1,('DOWN 가격동향'!$K$8:$AHC$8='동향 그래프 ~시세반영 '!$A41)*('DOWN 가격동향'!$DD$9:$AHC$9='동향 그래프 ~시세반영 '!BW$3),0))} -> 48.3 | BX41: {=INDEX('DOWN 가격동향'!$DD$11:$AHC$11,MATCH(1,('DOWN 가격동향'!$K$8:$AHC$8='동향 그래프 ~시세반영 '!$A41)*('DOWN 가격동향'!$DD$9:$AHC$9='동향 그래프 ~시세반영 '!BX$3),0))} -> 52.3 | BY41: {=INDEX('DOWN 가격동향'!$DD$11:$AHC$11,MATCH(1,('DOWN 가격동향'!$K$8:$AHC$8='동향 그래프 ~시세반영 '!$A41)*('DOWN 가격동향'!$DD$9:$AHC$9='동향 그래프 ~시세반영 '!BY$3),0))} -> 52.3 | ... CU41: {=INDEX('DOWN 가격동향'!$DD$11:$AHC$11,MATCH(1,('DOWN 가격동향'!$K$8:$AHC$8='동향 그래프 ~시세반영 '!$A41)*('DOWN 가격동향'!$DD$9:$AHC$9='동향 그래프 ~시세반영 '!CU$3),0))} -> 58.5
A42: 신주원 | B42: 41.3 | C42: 41.3 | D42: 41.3 | E42: 41.3 | F42: 41.3 | G42: 40.3 | H42: 40 | I42: 38.3 | J42: 36.8 | K42: 35.3 | L42: 34.3 | M42: 33 | N42: 35.3 | O42: 35.3 | P42: 33.3 | Q42: 34.3 | R42: 36.3 | S42: 38.3 | T42: 38.3 | U42: 38.3 | V42: 38 | W42: 38.3 | X42: 38.3 | Y42: 38.3 | Z42: 36.3 | AA42: 35.3 | AB42: 35.3 | AC42: 35.3 | AD42: 35.3 | AE42: 36.3 | AF42: 36.3 | AG42: 36.3 | AH42: 36.3 | AI42: 35.3 | AJ42: 36.3 | AK42: 39.3 | AL42: 42.3 | AM42: 42.3 | AN42: 51.3 | AO42: 53.3 | AP42: 53.3 | AQ42: 51.3 | AR42: 51.3 | AS42: 51.3 | AT42: 44 | AU42: 44 | AV42: 55 | AW42: 58 | AX42: 58 | AY42: 59 | AZ42: 54 | BA42: 53 | BB42: 55 | BC42: 55 | BD42: 53 | BE42: 53 | BF42: 50 | BG42: 48.3 | BH42: 43.3 | BI42: 44 | BJ42: 44 | BK42: 43.8 | BL42: 43.8 | BM42: 43.8 | BN42: 42.3 | BO42: 42.3 | BP42: 42.3 | BQ42: 43.3 | BR42: {=INDEX('DOWN 가격동향'!$DD$11:$AHC$11,MATCH(1,('DOWN 가격동향'!$K$8:$AHC$8='동향 그래프 ~시세반영 '!$A42)*('DOWN 가격동향'!$DD$9:$AHC$9='동향 그래프 ~시세반영 '!BR$3),0))} -> 43.3 | BS42: {=INDEX('DOWN 가격동향'!$DD$11:$AHC$11,MATCH(1,('DOWN 가격동향'!$K$8:$AHC$8='동향 그래프 ~시세반영 '!$A42)*('DOWN 가격동향'!$DD$9:$AHC$9='동향 그래프 ~시세반영 '!BS$3),0))} -> 43.5 | BT42: {=INDEX('DOWN 가격동향'!$DD$11:$AHC$11,MATCH(1,('DOWN 가격동향'!$K$8:$AHC$8='동향 그래프 ~시세반영 '!$A42)*('DOWN 가격동향'!$DD$9:$AHC$9='동향 그래프 ~시세반영 '!BT$3),0))} -> 43.8 | BU42: {=INDEX('DOWN 가격동향'!$DD$11:$AHC$11,MATCH(1,('DOWN 가격동향'!$K$8:$AHC$8='동향 그래프 ~시세반영 '!$A42)*('DOWN 가격동향'!$DD$9:$AHC$9='동향 그래프 ~시세반영 '!BU$3),0))} -> 42.8 | BV42: {=INDEX('DOWN 가격동향'!$DD$11:$AHC$11,MATCH(1,('DOWN 가격동향'!$K$8:$AHC$8='동향 그래프 ~시세반영 '!$A42)*('DOWN 가격동향'!$DD$9:$AHC$9='동향 그래프 ~시세반영 '!BV$3),0))} -> 43.3 | BW42: {=INDEX('DOWN 가격동향'!$DD$11:$AHC$11,MATCH(1,('DOWN 가격동향'!$K$8:$AHC$8='동향 그래프 ~시세반영 '!$A42)*('DOWN 가격동향'!$DD$9:$AHC$9='동향 그래프 ~시세반영 '!BW$3),0))} -> 44.3 | BX42: {=INDEX('DOWN 가격동향'!$DD$11:$AHC$11,MATCH(1,('DOWN 가격동향'!$K$8:$AHC$8='동향 그래프 ~시세반영 '!$A42)*('DOWN 가격동향'!$DD$9:$AHC$9='동향 그래프 ~시세반영 '!BX$3),0))} -> 47.8 | BY42: {=INDEX('DOWN 가격동향'!$DD$11:$AHC$11,MATCH(1,('DOWN 가격동향'!$K$8:$AHC$8='동향 그래프 ~시세반영 '!$A42)*('DOWN 가격동향'!$DD$9:$AHC$9='동향 그래프 ~시세반영 '!BY$3),0))} -> 47.8 | BZ42: 48.3 | CA42: 49.8 | CB42: 50.1 | CC42: 50.1 | CD42: 55 | CE42: 55 | CF42: 49.3 | CG42: 49.3 | CH42: 49.3 | CI42: 47 | CJ42: 47 | CK42: 50 | CL42: 55 | CM42: 55 | CN42: 59 | CO42: 59 | CP42: 59 | CQ42: 57 | CR42: 57 | CS42: 57 | CT42: 55 | CU42: {=INDEX('DOWN 가격동향'!11:11,MATCH(1,('DOWN 가격동향'!8:8='동향 그래프 ~시세반영 '!A42)*('DOWN 가격동향'!9:9='동향 그래프 ~시세반영 '!$CU36),0))} -> 55
A43: LY인터내셔널 | CF43: 57.5 | CG43: 57.5 | CH43: 53.5 | CI43: 56 | CJ43: 54.3 | CK43: 54.3 | CL43: 61 | CM43: 63.5 | CN43: 66.5 | CO43: 68.6 | CP43: 65 | CQ43: 63.5 | CR43: 64.5 | CS43: 62 | CT43: 62 | CU43: {=INDEX('DOWN 가격동향'!11:11,MATCH(1,('DOWN 가격동향'!8:8='동향 그래프 ~시세반영 '!A43)*('DOWN 가격동향'!9:9='동향 그래프 ~시세반영 '!$CU36),0))} -> 62
A44: GQ다운 | CU44: {=INDEX('DOWN 가격동향'!11:11,MATCH(1,('DOWN 가격동향'!8:8='동향 그래프 ~시세반영 '!A44)*('DOWN 가격동향'!9:9='동향 그래프 ~시세반영 '!$CU36),0))} -> 51.1
A45: RDS CHINA DUCK DOWN 80/20 GREY 600FP+ | B45: =AVERAGE(B37:B42) -> 40.633333 | C45: =AVERAGE(C37:C42) -> 40.65 | D45: =AVERAGE(D37:D42) -> 41.833333 | E45: =AVERAGE(E37:E42) -> 42.333333 | F45: =AVERAGE(F37:F42) -> 42.166667 | G45: =AVERAGE(G37:G42) -> 41.256667 | H45: =AVERAGE(H37:H42) -> 38.95 | I45: =AVERAGE(I37:I42) -> 37.906667 | ... BQ45: =AVERAGE(BQ37:BQ42) -> 43 | BR45: =AVERAGEIF(BR37:BR42,">0") -> 45.433333 | BS45: =AVERAGEIF(BS37:BS42,">0") -> 46.5 | BT45: =AVERAGEIF(BT37:BT42,">0") -> 47.133333 | BU45: =AVERAGEIF(BU37:BU42,">0") -> 44.45 | BV45: =AVERAGEIF(BV37:BV42,">0") -> 45.2 | BW45: =AVERAGEIF(BW37:BW42,">0") -> 45.533333 | BX45: =AVERAGEIF(BX37:BX42,">0") -> 47.466667 | BY45: =AVERAGEIF(BY37:BY42,">0") -> 48.166667 | ... CD45: =AVERAGEIF(CD37:CD42,">0") -> 55.466667 | CE45: =AVERAGEIF(CE37:CE43,">0") -> 54.85 | CF45: =AVERAGEIF(CF37:CF43,">0") -> 52.524286 | CG45: =AVERAGEIF(CG37:CG43,">0") -> 52.095714 | CH45: =AVERAGEIF(CH37:CH43,">0") -> 51.157143 | CI45: =AVERAGEIF(CI37:CI43,">0") -> 53.32 | CJ45: =AVERAGEIF(CJ37:CJ43,">0") -> 53.334286 | CK45: =AVERAGEIF(CK37:CK43,">0") -> 54.177143 | CL45: =AVERAGEIF(CL37:CL43,">0") -> 59.331429 | ... CT45: =AVERAGEIF(CT37:CT43,">0") -> 59.683333 | CU45: =AVERAGEIF(CU37:CU44,">0") -> 58.928571 | CX45: 부킹가 | CY45: 대비
CX46: 40 | CY46: =(CU45-CX46)/CX46 -> 0.47321429

Sheet DOWN 가격동향
ALH2: ORIGIN | ALI2: Commodity & Description | ALJ2: Color | ALK2: F.P | ALL2: 업체 | ALM2: PCK | ALN2: 광륭 | ALO2: 다음앤큐큐 | ALP2: ALLIED | ALQ2: 태평양 | ALR2: 신주원 | ALS2: 평균
ALL3: 날짜별 | ALM3: 45203 | ALN3: 45203 | ALO3: 45203 | ALP3: 45203 | ALQ3: 45203 | ALR3: 45203
ALH4: CHINA | ALI4: RDS CHINA GOOSE DOWN 80/20 | ALJ4: GREY | ALK4: 650 | ALL4: 9/26~10/10 | ALM4: 70.5 | ALN4: 74 | ALO4: 70.5 | ALP4: 76.3 | ALQ4: 76.3 | ALR4: 67 | ALS4: =AVERAGE(ALM4:ALR4) -> 72.433333
ALH5: CHINA | ALI5: RDS CHINA DUCK DOWN 80/20 20ton 기준 | ALJ5: GREY | ALK5: 600 | ALL5: 9/26~10/10 | ALM5: 32.9 | ALN5: 33.5 | ALO5: 34 | ALP5: 35.2 | ALQ5: 33.8 | ALR5: 33.5 | ALS5: =AVERAGE(ALM5:ALR5) -> 33.816667
A6: DOWN 시세 | AK6: RDS +$0.5 | AL6: RDS +$0.5 | AM6: RDS +$0.5 | AN6: RDS +$0.5 | AO6: RDS +$0.5 | AP6: RDS +$0.5 | AQ6: RDS +$0.5 | AR6: RDS +$0.5 | AS6: RDS +$0.5 | AT6: RDS +$0.5 | AU6: RDS +$0.5 | AV6: RDS +$0.5 | AW6: RDS +$0.5 | AX6: RDS +$0.5 | AY6: RDS +$0.5 | AZ6: RDS +$0.5 | BA6: RDS +$0.5 | BB6: RDS +$0.5 | BC6: RDS +$0.5 | BD6: RDS +$0.5 | BE6: RDS +$0.5 | BF6: RDS +$0.5 | BG6: RDS +$0.5 | BH6: RDS +$0.5 | BI6: RDS +$0.5 | BJ6: RDS +$0.5 | BK6: RDS +$0.5 | BL6: RDS +$0.5 | BM6: RDS +$0.5 | BN6: RDS +$0.5 | BO6: RDS +$0.5 | BP6: RDS +$0.5 | BQ6: RDS +$0.5 | BR6: RDS +$0.5 | BS6: RDS +$0.5 | BT6: RDS +$0.5 | BU6: RDS +$0.5 | BV6: RDS +$0.5 | BW6: RDS +$0.5 | BX6: RDS +$0.5 | BY6: RDS +$0.5 | BZ6: RDS +$0.5 | CA6: RDS +$0.5 | NI6: 동일 | NJ6: 동일 | NK6: 동일 | ZH6: 동일 | ZI6: 동일 | ZJ6: 동일 | AIC6: RDS +$0.5 | AID6: RDS +$0.5 | AIE6: RDS +$0.5 | AIF6: RDS +$0.5 | AIG6: RDS +$0.5 | AIH6: RDS +$0.5 | AII6: RDS +$0.5 | AIJ6: RDS +$0.5 | AIK6: RDS +$0.5 | AIL6: RDS +$0.5 | AIM6: RDS +$0.5 | AIN6: RDS +$0.5 | AIO6: RDS +$0.5 | AIP6: RDS +$0.5 | AIQ6: RDS +$0.5 | AIR6: RDS +$0.5 | AIS6: RDS +$0.5 | AIT6: RDS +$0.5 | AIU6: RDS +$0.5 | AIV6: RDS +$0.5 | AIW6: RDS +$0.5 | AIX6: RDS +$0.5 | AIY6: RDS +$0.5 | AIZ6: RDS +$0.5 | AJA6: RDS +$0.5 | AJB6: RDS +$0.5 | AJC6: RDS +$0.5 | AJD6: RDS +$0.5 | AJE6: RDS +$0.5 | AJF6: RDS +$0.5 | AJG6: RDS +$0.5 | AJH6: RDS +$0.5 | AJI6: RDS +$0.5 | AJJ6: RDS +$0.5 | AJK6: RDS +$0.5 | AJT6: RDS | AJU6: RDS | AJV6: RDS | AJW6: RDS | AJX6: RDS | AJY6: RDS | AJZ6: RDS | AKA6: RDS | AKB6: RDS | AKC6: RDS | AKD6: RDS | AKE6: RDS | AKF6: RDS
A7: ORIGIN | B7: Commodity & Description | C7: Color | D7: F.P | E7: 20FW BOOKING | H7: 21FW 진행가 | I7: 22FW 진행가 | J7: 22FW 진행수량 (KG) | AKP7: NO RDS | AKQ7: NO RDS | AKR7: NO RDS | AKS7: NO RDS | AKT7: RDS | AKU7: RDS | AKV7: NO RDS | AKW7: RDS | AKX7: RDS | AKY7: RDS | AKZ7: RDS | ALA7: RDS | ALB7: RDS | ALC7: RDS | ALD7: RDS
K8: PCK | L8: PCK | M8: PCK | N8: PCK | O8: PCK | P8: PCK | Q8: PCK | R8: PCK | S8: PCK | T8: PCK | U8: PCK | V8: PCK | W8: PCK | X8: PCK | Y8: PCK | Z8: PCK | AA8: PCK | AB8: PCK | AC8: PCK | AD8: PCK | AE8: PCK | AF8: PCK | AG8: PCK | AH8: PCK | AI8: PCK | AJ8: PCK | AK8: PCK | AL8: PCK | AM8: PCK | AN8: PCK | AO8: PCK | AP8: PCK | AQ8: PCK | AR8: PCK | AS8: PCK | AT8: PCK | AU8: PCK | AV8: PCK | AW8: PCK | AX8: PCK | AY8: PCK | AZ8: PCK | BA8: PCK | BB8: PCK | BC8: PCK | BD8: PCK | BE8: PCK | BF8: PCK | BG8: PCK | BH8: PCK | BI8: PCK | BJ8: PCK | BK8: PCK | BL8: PCK | BM8: PCK | BN8: PCK | BO8: PCK | BP8: PCK | BQ8: PCK | BR8: PCK | BS8: PCK | BT8: PCK | BU8: PCK | BV8: PCK | BW8: PCK | BX8: PCK | BY8: PCK | BZ8: PCK | CA8: PCK | CB8: PCK | CC8: PCK | CD8: PCK | CE8: PCK | CF8: PCK | CG8: PCK | CH8: PCK | CI8: PCK | CJ8: PCK | CK8: PCK | CL8: PCK | CM8: PCK | CN8: PCK | CO8: PCK | CP8: PCK | CQ8: PCK | CR8: PCK | CS8: PCK | CT8: PCK | CU8: PCK | CV8: PCK | CW8: PCK | CX8: PCK | CY8: PCK | CZ8: PCK | DA8: PCK | DB8: PCK | DC8: PCK | DD8: PCK | DE8: PCK | DF8: PCK | DG8: PCK | DH8: PCK | DI8: PCK | DJ8: PCK | DK8: PCK | DL8: PCK | EP8: PCK | EQ8: 광륭 | ER8: 광륭 | ES8: 광륭 | ET8: 광륭 | EU8: 광륭 | EV8: 광륭 | EW8: 광륭 | EX8: 광륭 | EY8: 광륭 | EZ8: 광륭 | FA8: 광륭 | FB8: 광륭 | FC8: 광륭 | FD8: 광륭 | FE8: 광륭 | FF8: 광륭 | FG8: 광륭 | FH8: 광륭 | FI8: 광륭 | FJ8: 광륭 | FK8: 광륭 | FL8: 광륭 | FM8: 광륭 | FN8: 광륭 | FO8: 광륭 | FP8: 광륭 | FQ8: 광륭 | FR8: 광륭 | FS8: 광륭 | FT8: 광륭 | FU8: 광륭 | FV8: 광륭 | FW8: 광륭 | FX8: 광륭 | FY8: 광륭 | FZ8: 광륭 | GA8: 광륭 | GB8: 광륭 | GC8: 광륭 | GD8: 광륭 | GE8: 광륭 | GF8: 광륭 | GG8: 광륭 | GH8: 광륭 | GI8: 광륭 | GJ8: 광륭 | GK8: 광륭 | GL8: 광륭 | GM8: 광륭 | GN8: 광륭 | GO8: 광륭 | GP8: 광륭 | GQ8: 광륭 | GR8: 광륭 | GS8: 광륭 | GT8: 광륭 | GU8: 광륭 | GV8: 광륭 | GW8: 광륭 | GX8: 광륭 | GY8: 광륭 | GZ8: 광륭 | HA8: 광륭 | HB8: 광륭 | HC8: 광륭 | HD8: 광륭 | HE8: 광륭 | HF8: 광륭 | HG8: 광륭 | HH8: 광륭 | HI8: 광륭 | HJ8: 광륭 | HK8: 광륭 | HL8: 광륭 | HM8: 광륭 | HN8: 광륭 | HO8: 광륭 | HP8: 광륭 | HQ8: 광륭 | HR8: 광륭 | HS8: 광륭 | HT8: 광륭 | HU8: 광륭 | HV8: 광륭 | HW8: 광륭 | HX8: 광륭 | HY8: 광륭 | HZ8: 광륭 | IA8: 광륭 | IB8: 광륭 | IC8: 광륭 | ID8: 광륭 | IE8: 광륭 | IF8: 광륭 | IG8: 광륭 | IH8: 광륭 | II8: 광륭 | IJ8: 광륭 | IK8: 광륭 | IL8: 광륭 | IM8: 광륭 | IN8: 광륭 | IO8: 광륭 | IP8: 광륭 | IQ8: 광륭 | IR8: 광륭 | JV8: 광륭 | JW8: 다음앤큐큐 | JX8: 다음앤큐큐 | JY8: 다음앤큐큐 | JZ8: 다음앤큐큐 | KA8: 다음앤큐큐 | KB8: 다음앤큐큐 | KC8: 다음앤큐큐 | KD8: 다음앤큐큐 | KE8: 다음앤큐큐 | KF8: 다음앤큐큐 | KG8: 다음앤큐큐 | KH8: 다음앤큐큐 | KI8: 다음앤큐큐 | KJ8: 다음앤큐큐 | KK8: 다음앤큐큐 | KL8: 다음앤큐큐 | KM8: 다음앤큐큐 | KN8: 다음앤큐큐 | KO8: 다음앤큐큐 | KP8: 다음앤큐큐 | KQ8: 다음앤큐큐 | KR8: 다음앤큐큐 | KS8: 다음앤큐큐 | KT8: 다음앤큐큐 | KU8: 다음앤큐큐 | KV8: 다음앤큐큐 | KW8: 다음앤큐큐 | KX8: 다음앤큐큐 | KY8: 다음앤큐큐 | KZ8: 다음앤큐큐 | LA8: 다음앤큐큐 | LB8: 다음앤큐큐 | LC8: 다음앤큐큐 | LD8: 다음앤큐큐 | LE8: 다음앤큐큐 | LF8: 다음앤큐큐 | LG8: 다음앤큐큐 | LH8: 다음앤큐큐 | LI8: 다음앤큐큐 | LJ8: 다음앤큐큐 | LK8: 다음앤큐큐 | LL8: 다음앤큐큐 | LM8: 다음앤큐큐 | LN8: 다음앤큐큐 | LO8: 다음앤큐큐 | LP8: 다음앤큐큐 | LQ8: 다음앤큐큐 | LR8: 다음앤큐큐 | LS8: 다음앤큐큐 | LT8: 다음앤큐큐 | LU8: 다음앤큐큐 | LV8: 다음앤큐큐 | LW8: 다음앤큐큐 | LX8: 다음앤큐큐 | LY8: 다음앤큐큐 | LZ8: 다음앤큐큐 | MA8: 다음앤큐큐 | MB8: 다음앤큐큐 | MC8: 다음앤큐큐 | MD8: 다음앤큐큐 | ME8: 다음앤큐큐 | MF8: 다음앤큐큐 | MG8: 다음앤큐큐 | MH8: 다음앤큐큐 | MI8: 다음앤큐큐 | MJ8: 다음앤큐큐 | MK8: 다음앤큐큐 | ML8: 다음앤큐큐 | MM8: 다음앤큐큐 | MN8: 다음앤큐큐 | MO8: 다음앤큐큐 | MP8: 다음앤큐큐 | MQ8: 다음앤큐큐 | MR8: 다음앤큐큐 | MS8: 다음앤큐큐 | MT8: 다음앤큐큐 | MU8: 다음앤큐큐 | MV8: 다음앤큐큐 | MW8: 다음앤큐큐 | MX8: 다음앤큐큐 | MY8: 다음앤큐큐 | MZ8: 다음앤큐큐 | NA8: 다음앤큐큐 | NB8: 다음앤큐큐 | NC8: 다음앤큐큐 | ND8: 다음앤큐큐 | NE8: 다음앤큐큐 | NF8: 다음앤큐큐 | NG8: 다음앤큐큐 | NH8: 다음앤큐큐 | NI8: 다음앤큐큐 | NJ8: 다음앤큐큐 | NK8: 다음앤큐큐 | NL8: 다음앤큐큐 | NM8: 다음앤큐큐 | NN8: 다음앤큐큐 | NO8: 다음앤큐큐 | NP8: 다음앤큐큐 | NQ8: 다음앤큐큐 | NR8: 다음앤큐큐 | NS8: 다음앤큐큐 | NT8: 다음앤큐큐 | NU8: 다음앤큐큐 | NV8: 다음앤큐큐 | NW8: 다음앤큐큐 | NX8: 다음앤큐큐 | PB8: 다음앤큐큐 | PC8: ALLIED | PD8: ALLIED | PE8: ALLIED | PF8: ALLIED | PG8: ALLIED | PH8: ALLIED | PI8: ALLIED | PJ8: ALLIED | PK8: ALLIED | PL8: ALLIED | PM8: ALLIED | PN8: ALLIED | PO8: ALLIED | PP8: ALLIED | PQ8: ALLIED | PR8: ALLIED | PS8: ALLIED | PT8: ALLIED | PU8: ALLIED | PV8: ALLIED | PW8: ALLIED | PX8: ALLIED | PY8: ALLIED | PZ8: ALLIED | QA8: ALLIED | QB8: ALLIED | QC8: ALLIED | QD8: ALLIED | QE8: ALLIED | QF8: ALLIED | QG8: ALLIED | QH8: ALLIED | QI8: ALLIED | QJ8: ALLIED | QK8: ALLIED | QL8: ALLIED | QM8: ALLIED | QN8: ALLIED | QO8: ALLIED | QP8: ALLIED | QQ8: ALLIED | QR8: ALLIED | QS8: ALLIED | QT8: ALLIED | QU8: ALLIED | QV8: ALLIED | QW8: ALLIED | QX8: ALLIED | QY8: ALLIED | QZ8: ALLIED | RA8: ALLIED | RB8: ALLIED | RC8: ALLIED | RD8: ALLIED | RE8: ALLIED | RF8: ALLIED | RG8: ALLIED | RH8: ALLIED | RI8: ALLIED | RJ8: ALLIED | RK8: ALLIED | RL8: ALLIED | RM8: ALLIED | RN8: ALLIED | RO8: ALLIED | RP8: ALLIED | RQ8: ALLIED | RR8: ALLIED | RS8: ALLIED | RT8: ALLIED | RU8: ALLIED | RV8: ALLIED | RW8: ALLIED | RX8: ALLIED | RY8: ALLIED | RZ8: ALLIED | SA8: ALLIED | SB8: ALLIED | SC8: ALLIED | SD8: ALLIED | SE8: ALLIED | SF8: ALLIED | SG8: ALLIED | SH8: ALLIED | SI8: ALLIED | SJ8: ALLIED | SK8: ALLIED | SL8: ALLIED | SM8: ALLIED | SN8: ALLIED | SO8: ALLIED | SP8: ALLIED | SQ8: ALLIED | SR8: ALLIED | SS8: ALLIED | ST8: ALLIED | SU8: ALLIED | SV8: ALLIED | SW8: ALLIED | SX8: ALLIED | SY8: ALLIED | SZ8: ALLIED | TA8: ALLIED | TB8: ALLIED | TC8: ALLIED | TD8: ALLIED | UH8: ALLIED | UI8: 웅가리아 | VB8: 나투어 | VY8: 태평양 | VZ8: 태평양 | WA8: 태평양 | WB8: 태평양 | WC8: 태평양 | WD8: 태평양 | WE8: 태평양 | WF8: 태평양 | WG8: 태평양 | WH8: 태평양 | WI8: 태평양 | WJ8: 태평양 | WK8: 태평양 | WL8: 태평양 | WM8: 태평양 | WN8: 태평양 | WO8: 태평양 | WP8: 태평양 | WQ8: 태평양 | WR8: 태평양 | WS8: 태평양 | WT8: 태평양 | WU8: 태평양 | WV8: 태평양 | WW8: 태평양 | WX8: 태평양 | WY8: 태평양 | WZ8: 태평양 | XA8: 태평양 | XB8: 태평양 | XC8: 태평양 | XD8: 태평양 | XE8: 태평양 | XF8: 태평양 | XG8: 태평양 | XH8: 태평양 | XI8: 태평양 | XJ8: 태평양 | XK8: 태평양 | XL8: 태평양 | XM8: 태평양 | XN8: 태평양 | XO8: 태평양 | XP8: 태평양 | XQ8: 태평양 | XR8: 태평양 | XS8: 태평양 | XT8: 태평양 | XU8: 태평양 | XV8: 태평양 | XW8: 태평양 | XX8: 태평양 | XY8: 태평양 | XZ8: 태평양 | YA8: 태평양 | YB8: 태평양 | YC8: 태평양 | YD8: 태평양 | YE8: 태평양 | YF8: 태평양 | YG8: 태평양 | YH8: 태평양 | YI8: 태평양 | YJ8: 태평양 | YK8: 태평양 | YL8: 태평양 | YM8: 태평양 | YN8: 태평양 | YO8: 태평양 | YP8: 태평양 | YQ8: 태평양 | YR8: 태평양 | YS8: 태평양 | YT8: 태평양 | YU8: 태평양 | YV8: 태평양 | YW8: 태평양 | YX8: 태평양 | YY8: 태평양 | YZ8: 태평양 | ZA8: 태평양 | ZB8: 태평양 | ZC8: 태평양 | ZD8: 태평양 | ZE8: 태평양 | ZF8: 태평양 | ZG8: 태평양 | ZH8: 태평양 | ZI8: 태평양 | ZJ8: 태평양 | ZK8: 태평양 | ZL8: 태평양 | ZM8: 태평양 | ZN8: 태평양 | ZO8: 태평양 | ZP8: 태평양 | ZQ8: 태평양 | ZR8: 태평양 | ZS8: 태평양 | ZT8: 태평양 | ZU8: 태평양 | ZV8: 태평양 | ZW8: 태평양 | ABA8: 태평양 | ABB8: 신주원 | ABC8: 신주원 | ABD8: 신주원 | ABE8: 신주원 | ABF8: 신주원 | ABG8: 신주원 | ABH8: 신주원 | ABI8: 신주원 | ABJ8: 신주원 | ABK8: 신주원 | ABL8: 신주원 | ABM8: 신주원 | ABN8: 신주원 | ABO8: 신주원 | ABP8: 신주원 | ABQ8: 신주원 | ABR8: 신주원 | ABS8: 신주원 | ABT8: 신주원 | ABU8: 신주원 | ABV8: 신주원 | ABW8: 신주원 | ABX8: 신주원 | ABY8: 신주원 | ABZ8: 신주원 | ACA8: 신주원 | ACB8: 신주원 | ACC8: 신주원 | ACD8: 신주원 | ACE8: 신주원 | ACF8: 신주원 | ACG8: 신주원 | ACH8: 신주원 | ACI8: 신주원 | ACJ8: 신주원 | ACK8: 신주원 | ACL8: 신주원 | ACM8: 신주원 | ACN8: 신주원 | ACO8: 신주원 | ACP8: 신주원 | ACQ8: 신주원 | ACR8: 신주원 | ACS8: 신주원 | ACT8: 신주원 | ACU8: 신주원 | ACV8: 신주원 | ACW8: 신주원 | ACX8: 신주원 | ACY8: 신주원 | ACZ8: 신주원 | ADA8: 신주원 | ADB8: 신주원 | ADC8: 신주원 | ADD8: 신주원 | ADE8: 신주원 | ADF8: 신주원 | ADG8: 신주원 | ADH8: 신주원 | ADI8: 신주원 | ADJ8: 신주원 | ADK8: 신주원 | ADL8: 신주원 | ADM8: 신주원 | ADN8: 신주원 | ADO8: 신주원 | ADP8: 신주원 | ADQ8: 신주원 | ADR8: 신주원 | ADS8: 신주원 | ADT8: 신주원 | ADU8: 신주원 | ADV8: 신주원 | ADW8: 신주원 | ADX8: 신주원 | ADY8: 신주원 | ADZ8: 신주원 | AEA8: 신주원 | AEB8: 신주원 | AEC8: 신주원 | AED8: 신주원 | AEE8: 신주원 | AEF8: 신주원 | AEG8: 신주원 | AEH8: 신주원 | AEI8: 신주원 | AEJ8: 신주원 | AEK8: 신주원 | AEL8: 신주원 | AEM8: 신주원 | AEN8: 신주원 | AEO8: 신주원 | AEP8: 신주원 | AEQ8: 신주원 | AER8: 남부다운 | AES8: 남부다운 | AET8: 남부다운 | AEU8: 남부다운 | AEV8: 남부다운 | AEW8: 남부다운 | AEX8: 남부다운 | AEY8: 남부다운 | AEZ8: 남부다운 | AFA8: 남부다운 | AFB8: 남부다운 | AFC8: 남부다운 | AFD8: 남부다운 | AFE8: 남부다운 | AFF8: 남부다운 | AFG8: 남부다운 | AFH8: 남부다운 | AFI8: 남부다운 | AFJ8: 남부다운 | AFK8: 남부다운 | AFL8: 남부다운 | AFM8: 남부다운 | AFN8: 남부다운 | AFO8: 남부다운 | AFP8: 남부다운 | AFQ8: 신주원 | AGC8: 신주원 | AGD8: 신주원 | AGE8: 신주원 | AGF8: 신주원 | AGG8: 신주원 | AGH8: 신주원 | AGI8: 신주원 | AGJ8: 신주원 | AGK8: 신주원 | AGL8: 신주원 | AGM8: 신주원 | AGN8: 신주원 | AGO8: 신주원 | AGP8: 신주원 | AGQ8: 신주원 | AGR8: 신주원 | AGS8: 신주원 | AGT8: 신주원 | AGU8: 신주원 | AGV8: 신주원 | AGW8: 신주원 | AGX8: 신주원 | AGY8: 신주원 | AGZ8: 신주원 | AHA8: 신주원 | AHB8: 신주원 | AHC8: 신주원 | AHD8: 남부다운 | AJT8: 구스헤리티지 | AKF8: 23/1/18 평균시세 | AKG8: 23/2/9 평균시세 | AKI8: 12/9 평균시세 | AKJ8: 12/27 평균시세 | AKK8: 1/3 평균시세 | AKL8: 1/27 평균시세 | AKM8: 7/19 평균시세 | AKN8: 8/10 평균시세 | AKO8: 22/12/15 평균시세 | AKP8: 신성통상 | AKQ8: 데상트 | AKR8: 밀레 | AKS8: 르까프 | AKT8: FILA | AKU8: 콜롬비아 글로벌 | AKV8: 나이키 글로벌 | AKW8: 아디다스 글로벌 | AKX8: 내셔널 지오그래픽 | AKY8: 블랙야크 | AKZ8: NFL | ALA8: 코오롱 | ALB8: NEPA | ALC8: 푸마 | ALD8: 디스커버리 | ALE8: 평균 | ALF8: 평균 | ALU8: LY인터내셔널 | ALV8: LY인터내셔널 | ALW8: LY인터내셔널 | ALX8: LY인터내셔널 | ALY8: LY인터내셔널 | ALZ8: LY인터내셔널 | AMA8: LY인터내셔널 | AMB8: LY인터내셔널 | AMC8: LY인터내셔널 | AMD8: LY인터내셔널 | AME8: LY인터내셔널 | AMF8: LY인터내셔널 | AMG8: LY인터내셔널 | AMH8: LY인터내셔널 | AMI8: LY인터내셔널 | AMJ8: LY인터내셔널 | AMK8: GQ다운
K9: 44081 | L9: 44116 | M9: 44131 | N9: 44146 | O9: 44154 | P9: 44162 | Q9: 44169 | R9: 44537 | S9: 44553 | T9: 44211 | U9: 44229 | V9: 44250 | W9: 44273 | X9: 44300 | Y9: 44314 | Z9: 44356 | AA9: 44370 | AB9: 44389 | AC9: 44412 | AD9: 44426 | AE9: 44455 | AF9: 44468 | AG9: 44476 | AH9: 44491 | AI9: 44498 | AJ9: 44508 | AK9: 44518 | AL9: 44530 | AM9: 44539 | AN9: 44557 | AO9: 44574 | AP9: 44588 | AQ9: 44614 | AR9: 44624 | AS9: 44644 | AT9: 44664 | AU9: 44680 | AV9: 44694 | AW9: 44720 | AX9: 44733 | AY9: 44747 | AZ9: 44761 | BA9: 44783 | BB9: 44797 | BC9: 44811 | BD9: 44826 | BE9: 44839 | BF9: 44855 | BG9: 44867 | BH9: 44881 | BI9: 44895 | BJ9: 44908 | BK9: 44922 | BL9: 44944 | BM9: 44957 | BN9: 44966 | BO9: 44980 | BP9: 44994 | BQ9: 45015 | BR9: 45033 | BS9: 45050 | BT9: 45064 | BU9: 45078 | BV9: 45092 | BW9: 45106 | BX9: 45120 | BY9: 45134 | BZ9: 45155 | CA9: 45169 | CB9: 45183 | CC9: 45210 | CD9: 45225 | CE9: 45239 | CF9: 45257 | CG9: 45274 | CH9: 45288 | CI9: 45301 | CJ9: 45316 | CK9: 45329 | CL9: 45343 | CM9: 45357 | CN9: 45369 | CO9: 45385 | CP9: 45399 | CQ9: 45421 | CR9: 45434 | CS9: 45448 | CT9: 45462 | CU9: 45476 | CV9: 45489 | CW9: 45541 | CX9: 45562 | CY9: 45580 | CZ9: 45593 | DA9: 45611 | DB9: 45622 | DC9: 45639 | DD9: 45653 | DE9: 45666 | DF9: 45701 | DG9: 45716 | DH9: 45729 | DI9: 45757 | DJ9: 45764 | DK9: 45778 | DL9: 45793 | DM9: 45806 | DN9: 45820 | DO9: 45833 | DP9: 45848 | DQ9: 45862 | DR9: 45876 | DS9: 45890 | DT9: 45904 | DU9: 45917 | DV9: 45932 | DW9: 45946 | DX9: 45959 | DY9: 45975 | DZ9: 45988 | EA9: 46002 | EB9: 46020 | EC9: 46031 | ED9: 46051 | EE9: 46057 | EF9: 46073 | EG9: 46093 | EH9: 46114 | EI9: 46132 | EJ9: 46142 | EK9: 46163 | EL9: 46192 | EM9: 46212 | EN9: 46233 | EO9: 46247 | EP9: 46269 | EQ9: 44081 | ER9: 44116 | ES9: 44131 | ET9: 44146 | EU9: 44154 | EV9: 44162 | EW9: 44534 | EX9: 44537 | EY9: 44553 | EZ9: 44211 | FA9: 44229 | FB9: 44251 | FC9: 44273 | FD9: 44300 | FE9: 44314 | FF9: 44356 | FG9: 44370 | FH9: 44389 | FI9: 44412 | FJ9: 44426 | FK9: 44455 | FL9: 44468 | FM9: 44476 | FN9: 44491 | FO9: 44498 | FP9: 44508 | FQ9: 44518 | FR9: 44530 | FS9: 44539 | FT9: 44557 | FU9: 44574 | FV9: 44588 | FW9: 44614 | FX9: 44624 | FY9: 44644 | FZ9: 44664 | GA9: 44680 | GB9: 44694 | GC9: 44720 | GD9: 44733 | GE9: 44747 | GF9: 44761 | GG9: 44783 | GH9: 44797 | GI9: 44811 | GJ9: 44826 | GK9: 44839 | GL9: 44855 | GM9: 44867 | GN9: 44881 | GO9: 44895 | GP9: 44908 | GQ9: 44922 | GR9: 44944 | GS9: 44957 | GT9: 44966 | GU9: 44980 | GV9: 44994 | GW9: 45015 | GX9: 45033 | GY9: 45050 | GZ9: 45064 | HA9: 45078 | HB9: 45092 | HC9: 45106 | HD9: 45120 | HE9: 45134 | HF9: 45155 | HG9: 45169 | HH9: 45183 | HI9: 45210 | HJ9: 45225 | HK9: 45239 | HL9: 45257 | HM9: 45274 | HN9: 45288 | HO9: 45301 | HP9: 45316 | HQ9: 45329 | HR9: 45343 | HS9: 45357 | HT9: 45369 | HU9: 45385 | HV9: 45399 | HW9: 45421 | HX9: 45434 | HY9: 45448 | HZ9: 45462 | IA9: 45476 | IB9: 45489 | IC9: 45541 | ID9: 45562 | IE9: 45580 | IF9: 45593 | IG9: 45611 | IH9: 45622 | II9: 45639 | IJ9: 45653 | IK9: 45666 | IL9: 45701 | IM9: 45716 | IN9: 45729 | IO9: 45757 | IP9: 45764 | IQ9: 45778 | IR9: 45793 | IS9: 45806 | IT9: 45820 | IU9: 45833 | IV9: 45848 | IW9: 45862 | IX9: 45876 | IY9: 45890 | IZ9: 45904 | JA9: 45917 | JB9: 45932 | JC9: 45946 | JD9: 45959 | JE9: 45975 | JF9: 45988 | JG9: 46002 | JH9: 46020 | JI9: 46031 | JJ9: 46051 | JK9: 46057 | JL9: 46073 | JM9: 46093 | JN9: 46114 | JO9: 46132 | JP9: 46142 | JQ9: 46163 | JR9: 46192 | JS9: 46212 | JT9: 46233 | JU9: 46247 | JV9: 46269 | JW9: 44081 | JX9: 44116 | JY9: 44131 | JZ9: 44146 | KA9: 44154 | KB9: 44162 | KC9: 44169 | KD9: 44172 | KE9: 44553 | KF9: 44211 | KG9: 44229 | KH9: 44251 | KI9: 44273 | KJ9: 44300 | KK9: 44314 | KL9: 44356 | KM9: 44370 | KN9: 44389 | KO9: 44412 | KP9: 44426 | KQ9: 44455 | KR9: 44468 | KS9: 44476 | KT9: 44491 | KU9: 44498 | KV9: 44508 | KW9: 44518 | KX9: 44530 | KY9: 44539 | KZ9: 44557 | LA9: 44574 | LB9: 44588 | LC9: 44614 | LD9: 44624 | LE9: 44644 | LF9: 44664 | LG9: 44680 | LH9: 44694 | LI9: 44720 | LJ9: 44733 | LK9: 44747 | LL9: 44761 | LM9: 44783 | LN9: 44797 | LO9: 44811 | LP9: 44826 | LQ9: 44839 | LR9: 44855 | LS9: 44867 | LT9: 44881 | LU9: 44895 | LV9: 44908 | LW9: 44922 | LX9: 44944 | LY9: 44957 | LZ9: 44966 | MA9: 44980 | MB9: 44994 | MC9: 45015 | MD9: 45033 | ME9: 45050 | MF9: 45064 | MG9: 45078 | MH9: 45092 | MI9: 45106 | MJ9: 45120 | MK9: 45134 | ML9: 45155 | MM9: 45169 | MN9: 45183 | MO9: 45210 | MP9: 45225 | MQ9: 45239 | MR9: 45257 | MS9: 45274 | MT9: 45288 | MU9: 45301 | MV9: 45316 | MW9: 45329 | MX9: 45343 | MY9: 45357 | MZ9: 45369 | NA9: 45385 | NB9: 45399 | NC9: 45421 | ND9: 45434 | NE9: 45448 | NF9: 45462 | NG9: 45476 | NH9: 45489 | NI9: 45541 | NJ9: 45562 | NK9: 45580 | NL9: 45593 | NM9: 45611 | NN9: 45622 | NO9: 45639 | NP9: 45653 | NQ9: 45666 | NR9: 45701 | NS9: 45716 | NT9: 45729 | NU9: 45757 | NV9: 45764 | NW9: 45778 | NX9: 45793 | NY9: 45806 | NZ9: 45820 | OA9: 45833 | OB9: 45848 | OC9: 45862 | OD9: 45876 | OE9: 45890 | OF9: 45904 | OG9: 45917 | OH9: 45932 | OI9: 45946 | OJ9: 45959 | OK9: 45975 | OL9: 45988 | OM9: 46002 | ON9: 46020 | OO9: 46031 | OP9: 46051 | OQ9: 46057 | OR9: 46073 | OS9: 46093 | OT9: 46114 | OU9: 46132 | OV9: 46142 | OW9: 46163 | OX9: 46192 | OY9: 46212 | OZ9: 46233 | PA9: 46247 | PB9: 46269 | PC9: 44081 | PD9: 44116 | PE9: 44131 | PF9: 44146 | PG9: 44154 | PH9: 44162 | PI9: 44169 | PJ9: 44172 | PK9: 44553 | PL9: 44211 | PM9: 44229 | PN9: 44251 | PO9: 44273 | PP9: 44300 | PQ9: 44314 | PR9: 44356 | PS9: 44370 | PT9: 44389 | PU9: 44412 | PV9: 44426 | PW9: 44455 | PX9: 44468 | PY9: 44476 | PZ9: 44491 | QA9: 44498 | QB9: 44508 | QC9: 44518 | QD9: 44530 | QE9: 44539 | QF9: 44557 | QG9: 44574 | QH9: 44588 | QI9: 44614 | QJ9: 44624 | QK9: 44644 | QL9: 44664 | QM9: 44680 | QN9: 44694 | QO9: 44720 | QP9: 44733 | QQ9: 44747 | QR9: 44761 | QS9: 44783 | QT9: 44797 | QU9: 44811 | QV9: 44826 | QW9: 44839 | QX9: 44855 | QY9: 44867 | QZ9: 44881 | RA9: 44895 | RB9: 44908 | RC9: 44922 | RD9: 44944 | RE9: 44957 | RF9: 44966 | RG9: 44980 | RH9: 44994 | RI9: 45015 | RJ9: 45033 | RK9: 45050 | RL9: 45064 | RM9: 45078 | RN9: 45092 | RO9: 45106 | RP9: 45120 | RQ9: 45134 | RR9: 45155 | RS9: 45169 | RT9: 45183 | RU9: 45210 | RV9: 45225 | RW9: 45239 | RX9: 45257 | RY9: 45274 | RZ9: 45288 | SA9: 45301 | SB9: 45316 | SC9: 45329 | SD9: 45343 | SE9: 45357 | SF9: 45369 | SG9: 45385 | SH9: 45399 | SI9: 45421 | SJ9: 45434 | SK9: 45448 | SL9: 45462 | SM9: 45476 | SN9: 45489 | SO9: 45541 | SP9: 45562 | SQ9: 45580 | SR9: 45593 | SS9: 45611 | ST9: 45622 | SU9: 45639 | SV9: 45653 | SW9: 45666 | SX9: 45701 | SY9: 45716 | SZ9: 45729 | TA9: 45757 | TB9: 45764 | TC9: 45778 | TD9: 45793 | TE9: 45806 | TF9: 45820 | TG9: 45833 | TH9: 45848 | TI9: 45862 | TJ9: 45876 | TK9: 45890 | TL9: 45904 | TM9: 45917 | TN9: 45932 | TO9: 45946 | TP9: 45959 | TQ9: 45975 | TR9: 45988 | TS9: 46002 | TT9: 46020 | TU9: 46031 | TV9: 46051 | TW9: 46057 | TX9: 46073 | TY9: 46093 | TZ9: 46114 | UA9: 46132 | UB9: 46142 | UC9: 46163 | UD9: 46192 | UE9: 46212 | UF9: 46233 | UG9: 46247 | UH9: 46269 | UI9: 44081 | UJ9: 44116 | UK9: 44131 | UL9: 44154 | UM9: 44162 | UN9: 44188 | UO9: 44229 | UP9: 44273 | UQ9: 44300 | UR9: 44314 | US9: 44356 | UT9: 44370 | UU9: 44484 | UV9: 44498 | UW9: 44513 | UX9: 44855 | UY9: 44867 | UZ9: 45245 | VA9: 45301 | VB9: (11/19$환산) | VC9: (11/27$환산) | VD9: (12/4$환산) | VE9: (12/23$환산) | VF9: 44154 | VG9: 44162 | VH9: 44169 | VI9: 44188 | VJ9: 44513 | VK9: 11/13$변환 | VL9: 44855 | VM9: 44867 | VN9: 44881 | VO9: 44895 | VP9: 44908 | VQ9: 44922 | VR9: 44944 | VS9: 1/18환산 | VT9: 44957 | VU9: 1/31환산 | VV9: 45258 | VW9: 45301 | VX9: 45316 | VY9: 44146 | VZ9: 44154 | WA9: 44162 | WB9: 44169 | WC9: 44172 | WD9: 44553 | WE9: 44211 | WF9: 44229 | WG9: 44251 | WH9: 44273 | WI9: 44300 | WJ9: 44314 | WK9: 44356 | WL9: 44370 | WM9: 44389 | WN9: 44412 | WO9: 44426 | WP9: 44455 | WQ9: 44468 | WR9: 44476 | WS9: 44491 | WT9: 44498 | WU9: 44508 | WV9: 44518 | WW9: 44530 | WX9: 44539 | WY9: 44557 | WZ9: 44574 | XA9: 44588 | XB9: 44614 | XC9: 44624 | XD9: 44644 | XE9: 44664 | XF9: 44680 | XG9: 44694 | XH9: 44720 | XI9: 44733 | XJ9: 44747 | XK9: 44761 | XL9: 44783 | XM9: 44797 | XN9: 44811 | XO9: 44826 | XP9: 44839 | XQ9: 44855 | XR9: 44867 | XS9: 44881 | XT9: 44895 | XU9: 44908 | XV9: 44922 | XW9: 44944 | XX9: 44957 | XY9: 44966 | XZ9: 44980 | YA9: 44994 | YB9: 45015 | YC9: 45033 | YD9: 45050 | YE9: 45064 | YF9: 45078 | YG9: 45092 | YH9: 45106 | YI9: 45120 | YJ9: 45134 | YK9: 45155 | YL9: 45169 | YM9: 45183 | YN9: 45210 | YO9: 45225 | YP9: 45239 | YQ9: 45257 | YR9: 45274 | YS9: 45288 | YT9: 45301 | YU9: 45316 | YV9: 45329 | YW9: 45343 | YX9: 45357 | YY9: 45369 | YZ9: 45385 | ZA9: 45399 | ZB9: 45421 | ZC9: 45434 | ZD9: 45448 | ZE9: 45462 | ZF9: 45476 | ZG9: 45489 | ZH9: 45541 | ZI9: 45562 | ZJ9: 45580 | ZK9: 45593 | ZL9: 45611 | ZM9: 45622 | ZN9: 45639 | ZO9: 45653 | ZP9: 45666 | ZQ9: 45701 | ZR9: 45716 | ZS9: 45729 | ZT9: 45757 | ZU9: 45764 | ZV9: 45778 | ZW9: 45793 | ZX9: 45806 | ZY9: 45820 | ZZ9: 45833 | AAA9: 45848 | AAB9: 45862 | AAC9: 45876 | AAD9: 45890 | AAE9: 45904 | AAF9: 45917 | AAG9: 45932 | AAH9: 45946 | AAI9: 45959 | AAJ9: 45975 | AAK9: 45988 | AAL9: 46002 | AAM9: 46020 | AAN9: 46031 | AAO9: 46051 | AAP9: 46057 | AAQ9: 46073 | AAR9: 46093 | AAS9: 46114 | AAT9: 46132 | AAU9: 46142 | AAV9: 46163 | AAW9: 46192 | AAX9: 46212 | AAY9: 46233 | AAZ9: 46247 | ABA9: 46269 | ABB9: 44146 | ABC9: 44154 | ABD9: 44162 | ABE9: 44169 | ABF9: 44172 | ABG9: 44188 | ABH9: 44211 | ABI9: 44229 | ABJ9: 44251 | ABK9: 44273 | ABL9: 44300 | ABM9: 44314 | ABN9: 44356 | ABO9: 44370 | ABP9: 44389 | ABQ9: 44412 | ABR9: 44426 | ABS9: 44455 | ABT9: 44468 | ABU9: 44476 | ABV9: 44491 | ABW9: 44498 | ABX9: 44508 | ABY9: 44518 | ABZ9: 44530 | ACA9: 44539 | ACB9: 44557 | ACC9: 44574 | ACD9: 44588 | ACE9: 44614 | ACF9: 44624 | ACG9: 44644 | ACH9: 44664 | ACI9: 44680 | ACJ9: 44694 | ACK9: 44720 | ACL9: 44733 | ACM9: 44747 | ACN9: 44761 | ACO9: 44783 | ACP9: 44797 | ACQ9: 44811 | ACR9: 44826 | ACS9: 44839 | ACT9: 44855 | ACU9: 44867 | ACV9: 44881 | ACW9: 44895 | ACX9: 44908 | ACY9: 44922 | ACZ9: 44944 | ADA9: 44957 | ADB9: 44966 | ADC9: 44980 | ADD9: 44994 | ADE9: 45015 | ADF9: 45033 | ADG9: 45050 | ADH9: 45064 | ADI9: 45078 | ADJ9: 45092 | ADK9: 45106 | ADL9: 45120 | ADM9: 45134 | ADN9: 45155 | ADO9: 45169 | ADP9: 45183 | ADQ9: 45210 | ADR9: 45225 | ADS9: 45239 | ADT9: 45257 | ADU9: 45274 | ADV9: 45288 | ADW9: 45301 | ADX9: 45316 | ADY9: 45329 | ADZ9: 45343 | AEA9: 45357 | AEB9: 45369 | AEC9: 45385 | AED9: 45399 | AEE9: 45421 | AEF9: 45434 | AEG9: 45448 | AEH9: 45462 | AEI9: 45476 | AEJ9: 45489 | AEK9: 45541 | AEL9: 45562 | AEM9: 45580 | AEN9: 45593 | AEO9: 45611 | AEP9: 45622 | AEQ9: 45639 | AER9: 45876 | AES9: 45890 | AET9: 45904 | AEU9: 45917 | AEV9: 45932 | AEW9: 45946 | AEX9: 45959 | AEY9: 45975 | AEZ9: 45988 | AFA9: 46002 | AFB9: 46020 | AFC9: 46031 | AFD9: 46051 | AFE9: 46057 | AFF9: 46073 | AFG9: 46093 | AFH9: 46114 | AFI9: 46132 | AFJ9: 46142 | AFK9: 46163 | AFL9: 46192 | AFM9: 46212 | AFN9: 46233 | AFO9: 46247 | AFP9: 46269 | AFQ9: 45653 | AFR9: 45666 | AFS9: 45701 | AFT9: 45716 | AFU9: 45729 | AFV9: 45757 | AFW9: 45764 | AFX9: 45778 | AFY9: 45793 | AFZ9: 45806 | AGA9: 45820 | AGB9: 45833 | AGC9: 45848 | AGD9: 45862 | AGE9: 45876 | AGF9: 45890 | AGG9: 45904 | AGH9: 45917 | AGI9: 45932 | AGJ9: 45946 | AGK9: 45959 | AGL9: 45975 | AGM9: 45988 | AGN9: 46002 | AGO9: 46020 | AGP9: 46031 | AGQ9: 46051 | AGR9: 46057 | AGS9: 46073 | AGT9: 46093 | AGU9: 46114 | AGV9: 46132 | AGW9: 46142 | AGX9: 46163 | AGY9: 46192 | AGZ9: 46212 | AHA9: 46233 | AHB9: 46247 | AHC9: 46269 | AHD9: 44081 | AHE9: 44116 | AHF9: 44131 | AHG9: 44148 | AHH9: 44162 | AHI9: 44553 | AHJ9: 44211 | AHK9: 44229 | AHL9: 44250 | AHM9: 44273 | AHN9: 44300 | AHO9: 44314 | AHP9: 44356 | AHQ9: 44370 | AHR9: 44389 | AHS9: 44413 | AHT9: 44426 | AHU9: 44455 | AHV9: 44468 | AHW9: 44476 | AHX9: 44491 | AHY9: 44498 | AHZ9: 44508 | AIA9: 44518 | AIB9: 44530 | AIC9: 44539 | AID9: 44557 | AIE9: 44574 | AIF9: 44588 | AIG9: 44614 | AIH9: 44624 | AII9: 44644 | AIJ9: 44664 | AIK9: 44680 | AIL9: 44694 | AIM9: 44720 | AIN9: 44733 | AIO9: 44747 | AIP9: 44761 | AIQ9: 44761 | AIR9: 44783 | AIS9: 44797 | AIT9: 44811 | AIU9: 44826 | AIV9: 44839 | AIW9: 44855 | AIX9: 44867 | AIY9: 44881 | AIZ9: 44895 | AJA9: 44908 | AJB9: 44922 | AJC9: 연휴후 | AJD9: 44957 | AJE9: 44966 | AJF9: 44980 | AJG9: 44994 | AJH9: 45015 | AJI9: 45169 | AJJ9: 45183 | AJK9: 45225 | AJL9: 45239 | AJM9: 45257 | AJN9: 45274 | AJO9: 45288 | AJP9: 45301 | AJQ9: 45593 | AJR9: 45611 | AJS9: 45622 | AJT9: 44839 | AJU9: 44855 | AJV9: 44867 | AJW9: 44881 | AJX9: 44895 | AJY9: 44908 | AJZ9: 44922 | AKA9: 44944 | AKB9: 44957 | AKC9: 44966 | AKD9: 44980 | AKE9: 44994 | ALU9: 46002 | ALV9: 46020 | ALW9: 46031 | ALX9: 46051 | ALY9: 46057 | ALZ9: 46073 | AMA9: 46093 | AMB9: 46114 | AMC9: 46132 | AMD9: 46142 | AME9: 46163 | AMF9: 46192 | AMG9: 46212 | AMH9: 46233 | AMI9: 46247 | AMJ9: 46269 | AMK9: 46269 | AMO9: 1/9평균
A10: CHINA | B10: RDS CHINA GOOSE DOWN 80/20 | C10: GREY | D10: 650 | E10: 광륭 | F10: 59.7 | G10: =F10+0.5 -> 60.2 | H10: 51.4 | I10: $59.5 $62.8 $63.5 | J10: 50000 | L10: 53 | M10: 53 | N10: 74 | O10: 54 | P10: 50.9 | Q10: 55 | R10: 55 | S10: 57 | T10: 67.85 | U10: 70 | V10: 70 | W10: 73 | X10: 59 | Y10: 63.5 | Z10: 63 | AA10: 66 | AB10: 67.5 | AC10: 65 | AD10: 68.5 | AE10: 68.5 | AF10: 64 | AG10: 67 | AH10: 67 | AI10: 68 | AJ10: 70 | AK10: 70.5 | AL10: 70.5 | AM10: 72.5 | AN10: 67.5 | AO10: 67.5 | AP10: 67.5 | AQ10: 67.5 | AR10: 67.5 | AS10: 65.5 | AT10: 70.5 | AU10: 71.5 | AV10: 71.5 | AW10: 71.5 | AX10: 71.5 | AY10: 73 | AZ10: 73 | BA10: 74.5 | BB10: 74.5 | BC10: 76.5 | BD10: 76.5 | BE10: 83 | BF10: 79.5 | BG10: 78 | BH10: 75 | BI10: 69.5 | BJ10: 69.5 | BK10: 69.5 | BL10: 69.5 | BM10: 69.5 | BN10: 69.5 | BO10: 70.5 | BP10: 71 | BQ10: 70.5 | BR10: 70.5 | BS10: 76 | BT10: 76 | BU10: 76 | BV10: 76 | BW10: 78 | BX10: 78 | BY10: 78 | BZ10: 78.5 | CA10: 79 | CB10: 77 | CC10: 77 | CD10: 78 | CE10: 78 | CF10: 81 | CG10: 83 | CH10: 83 | CI10: 82 | CJ10: X | CK10: 88 | CL10: 95 | CM10: 100 | CN10: 102 | CO10: 97 | CP10: 97 | CQ10: 97 | CR10: 102 | CS10: 110 | CT10: 113 | CU10: 115 | CV10: 115 | CW10: 115 | CX10: 117 | CY10: 117 | CZ10: 116 | DA10: 114 | DB10: 108 | DC10: 98 | DD10: 98 | DE10: 98 | DF10: 98 | DG10: 95 | DH10: 94 | DI10: 92 | DJ10: 92 | DK10: 92 | DL10: 91 | DM10: 91 | DN10: 92 | DO10: 92 | DP10: 91 | DQ10: 87 | DR10: 87 | DS10: 87 | DT10: 87 | DU10: 87 | DV10: 88 | DW10: 88 | DX10: 88 | DY10: 88 | DZ10: 88 | EA10: 85.3 | EB10: 85.3 | EC10: 84 | ED10: 84 | EE10: 84 | EF10: 86 | EG10: 95 | EH10: 95 | EI10: 96 | EJ10: 96 | EK10: 96 | EL10: 96 | EM10: 96 | EN10: 95 | EO10: 95 | EP10: 95 | EQ10: 46.8 | ER10: 57 | ES10: 62 | ET10: 62 | EU10: 61 | EV10: 54 | EW10: 53.5 | EX10: 53.5 | EY10: 62 | EZ10: 66 | FA10: 75 | FB10: 66 | FC10: 65 | FD10: 66.5 | FE10: 59.5 | FF10: 66 | FG10: 66 | FH10: 66 | FI10: 66 | FJ10: 66 | FK10: 66 | FL10: 69 | FM10: 69 | FN10: 69 | FO10: 69 | FP10: 69.5 | FQ10: 70 | FR10: 71.5 | FS10: 71.5 | FT10: 71.5 | FU10: 70.5 | FV10: 69.5 | FW10: 67.5 | FX10: 67.5 | FY10: 68.5 | FZ10: 70.5 | GA10: 70.5 | GB10: 71.5 | GC10: 72.5 | GD10: 72 | GE10: 71.5 | GF10: 73.5 | GG10: 75.5 | GH10: 79.5 | GI10: 75.5 | GJ10: 72.5 | GK10: 64 | GL10: 64 | GM10: 64 | GN10: 63.7 | GO10: 63.7 | GP10: 64 | GQ10: 64 | GR10: 67 | GS10: 67 | GT10: 70 | GU10: 85 | GV10: 88 | GW10: 91.5 | GX10: 90 | GY10: 94 | GZ10: 94 | HA10: 93.5 | HB10: 94 | HC10: 82.5 | HD10: 82.8 | HE10: 83 | HF10: 82.8 | HG10: 83.3 | HH10: 83.3 | HI10: 90 | HJ10: 74 | HK10: 74 | HL10: 75 | HM10: 83.5 | HN10: 82 | HO10: 83 | HP10: 90 | HQ10: 99.5 | HR10: 103 | HS10: 107 | HT10: 105 | HU10: 104 | HV10: 104 | HW10: 105 | HX10: 107 | HY10: 120 | HZ10: 125 | IA10: 123 | IB10: 123 | IC10: 119 | ID10: 115 | IE10: 115 | IF10: 115 | IG10: 114 | IH10: 102.5 | II10: 98 | IJ10: 103.5 | IK10: 103.5 | IL10: 102 | IM10: 93 | IN10: 95 | IO10: 91 | IP10: 91 | IQ10: 89 | IR10: 82 | IS10: 82 | IT10: 85 | IU10: 86.6 | IV10: 84.6 | IW10: 84 | IX10: 84 | IY10: 84 | IZ10: 85 | JA10: 84 | JB10: 84 | JC10: 86 | JD10: 90 | JE10: 95 | JF10: 88 | JG10: 87 | JH10: 87 | JI10: 88 | JJ10: 88 | JK10: 91 | JL10: 91 | JM10: 94 | JN10: 94 | JO10: 94.5 | JP10: 94.5 | JQ10: 108 | JR10: 117 | JS10: 117 | JT10: 107 | JU10: 107 | JV10: 110 | JW10: 43 | JX10: 54.6 | JY10: 57 | JZ10: 55 | KA10: 55 | KB10: 54.2 | KC10: 53.5 | KD10: 53.5 | KE10: 52.5 | KF10: 65 | KG10: 65 | KH10: 67 | KI10: 69.5 | KJ10: 65 | KK10: 59 | KL10: 61 | KM10: 62 | KN10: 64 | KO10: 63 | KP10: 63 | KQ10: 63 | KR10: 64 | KS10: 64 | KT10: 66 | KU10: 66 | KV10: 66 | KW10: 67.3 | KX10: 69.3 | KY10: 69.3 | KZ10: 67.3 | LA10: 67.3 | LB10: 67.3 | LC10: 66.3 | LD10: 66.3 | LE10: 65.3 | LF10: 67.3 | LG10: 67.3 | LH10: 67.3 | LI10: 65.3 | LJ10: 66.3 | LK10: 66.3 | LL10: 66.3 | LM10: 66.3 | LN10: 66.3 | LO10: 72.3 | LP10: 72.3 | LQ10: 67.3 | LR10: 67.3 | LS10: 66.3 | LT10: 65.3 | LU10: 65.3 | LV10: 65.3 | LW10: 64.3 | LX10: 64.3 | LY10: 64.3 | LZ10: 75.3 | MA10: 75.3 | MB10: 71.3 | MC10: 75.3 | MD10: 75.3 | ME10: 72.3 | MF10: 72.3 | MG10: 72.3 | MH10: 72.3 | MI10: 72.3 | MJ10: 72.3 | MK10: 72.3 | ML10: 72.3 | MM10: 72.3 | MN10: 72.3 | MO10: 73 | MP10: 72 | MQ10: 73 | MR10: 76 | MS10: 79 | MT10: 79 | MU10: 78 | MV10: 90 | MW10: 100 | MX10: 105 | MY10: 105 | MZ10: 105 | NA10: 110 | NB10: 110 | NC10: 105 | ND10: 115 | NE10: 128 | NF10: 128 | NG10: 132 | NH10: 132 | NI10: 114 | NJ10: 114 | NK10: 113 | NL10: 108 | NM10: 103 | NN10: 99 | NO10: 87.3 | NP10: 89.3 | NQ10: 86.3 | NR10: 86.3 | NS10: 86.3 | NT10: 86.3 | NU10: 85 | NV10: 80.3 | NW10: 79.3 | NX10: 82.8 | NY10: 86.3 | NZ10: 84.3 | OA10: 84.3 | OB10: 81.3 | OC10: 81.3 | OD10: 81.3 | OE10: 81.3 | OF10: 81.3 | OG10: 80.3 | OH10: 80.3 | OI10: 80 | OJ10: 81.3 | OK10: 89.3 | OL10: 87.3 | OM10: 85.3 | ON10: 79.3 | OO10: 78 | OP10: 78.5 | OQ10: 78.8 | OR10: 79.8 | OS10: 90 | OT10: 102 | OU10: 95 | OV10: 89 | OW10: 89 | OX10: 96 | PC10: 45.2 | PD10: 53.2 | PE10: 58.8 | PF10: 55.4 | PG10: 58.8 | PH10: 55.4 | PI10: 59 | PJ10: 59 | PK10: 64.4 | PL10: 72.5 | PR10: 73.7 | PS10: 73.7 | PT10: 72.7 | PU10: 71.8 | PV10: 71.8 | PW10: 69.9 | PX10: 67.1 | PY10: 67.1 | PZ10: 67.1 | QA10: 67.1 | QB10: 68.9 | QC10: 73.2 | QD10: 73.2 | QE10: 73.2 | QF10: 68.6 | QG10: 68.6 | QH10: 67.6 | QI10: 67.6 | QJ10: 67.6 | QK10: 67.6 | QL10: 70.4 | QM10: 70.4 | QN10: 71.2 | QO10: 68.4 | QP10: 68.4 | QQ10: 68.4 | QR10: 72.02 | QS10: 72.02 | QT10: 76.49 | QU10: 74.46 | QV10: 74.46 | QW10: 71.65 | QX10: 67.04 | QY10: 64.7 | QZ10: 66.25 | RA10: 64.7 | RB10: 62.72 | RC10: 69.12 | RD10: 69.12 | RE10: 69.12 | RF10: 77.2 | RG10: 82.7 | RH10: 82.7 | RI10: 79.8 | RJ10: 79.8 | RK10: 79.8 | RL10: 79.3 | RM10: 78.3 | RN10: 77.8 | RO10: 77.8 | RP10: 77.4 | RQ10: 77.4 | RR10: 79.3 | RS10: 79.3 | RT10: 78.8 | RU10: 78.8 | RV10: 75.9 | RW10: 76.2 | RX10: 81.3 | RY10: 97.2 | RZ10: 97.2 | SA10: 104.6 | SB10: 109.1 | SC10: 109.1 | SD10: 112.1 | SE10: 115.3 | SF10: 118.6 | SG10: 125.5 | SH10: 125.5 | SI10: 129.7 | SJ10: 129.7 | SK10: 138.1 | SL10: 138.1 | SM10: 138.1 | SN10: 138.1 | SO10: 138.1 | SP10: 124.1 | SQ10: 124.1 | SR10: 125.7 | SS10: 102.38 | ST10: 98.97 | SU10: 92.1 | SV10: 92.1 | SW10: 86.33 | SX10: 88.4 | SY10: 85.1 | SZ10: 85.1 | TA10: 81.9 | TB10: 80.2 | TC10: 80.2 | TD10: 77 | TE10: 79.1 | TF10: 79.1 | TG10: 79.1 | TH10: 76.3 | TI10: 75.8 | TJ10: 75.8 | TK10: 78.3 | TL10: 85.7 | TM10: 85.7 | TN10: 85.7 | TO10: 85.7 | TP10: 88.9 | TQ10: 80.3 | TR10: 88.9 | TS10: 81.88 | TT10: 81.88 | TU10: 84.27 | TV10: 93.44 | TW10: 93.44 | TX10: 93.44 | TY10: 102.86 | TZ10: 98.99 | UA10: 100.3 | UB10: 104.5 | UC10: 105 | UD10: 111.2 | UE10: 113.6 | UF10: 108.9 | UG10: 110.8 | UH10: 110.2 | VL10: 66 | VM10: 66 | VN10: 63.7 | VO10: 63.7 | VP10: 63.7 | VQ10: 63 | VR10: 63 | VS10: 63 | VT10: 63 | VU10: 63 | VX10: 98.5 | VY10: 55 | VZ10: 55 | WA10: 55 | WB10: 53.5 | WC10: 53.5 | WD10: 53 | WE10: 57 | WF10: 59 | WG10: 64 | WH10: 62 | WI10: 68 | WJ10: 68 | WK10: 79.5 | WL10: 79.5 | WM10: 79.5 | WP10: 73.8 | WQ10: 73.8 | WR10: 73.8 | WS10: 71 | WT10: 74.5 | WU10: 73.5 | WV10: 73.8 | WW10: 73.8 | WX10: 72.3 | WY10: 72.3 | WZ10: 72.3 | XA10: 69.3 | XB10: 72.88 | XC10: 73.8 | XD10: 73.8 | XE10: 72.7 | XF10: 70.8 | XG10: 70.8 | XH10: 71.3 | XI10: 69.2 | XJ10: 66.4 | XK10: 66.2 | XL10: 66.2 | XM10: 67.3 | XN10: 67.3 | XO10: 67.3 | XP10: 64 | XQ10: 64 | XR10: 64 | XS10: 64 | XT10: 64 | XU10: 64 | XV10: 64 | XW10: 69 | XX10: 68 | XY10: 68 | XZ10: 69 | YA10: 72 | YB10: 68.3 | YC10: 68.3 | YD10: 68.3 | YE10: 68.3 | YF10: 68.3 | YG10: 68.3 | YH10: 76.6 | YI10: 76.6 | YJ10: 76.6 | YK10: 76.6 | YL10: 76.6 | YM10: 76.6 | YN10: 76.6 | YO10: 78.7 | YP10: 78.7 | YQ10: 78.7 | YR10: 80.8 | YS10: 80.8 | YT10: 80.8 | YU10: 88.9 | YV10: 95 | YW10: 95 | YX10: 100 | YY10: 100 | YZ10: 103 | ZA10: 103 | ZB10: 106 | ZC10: 115 | ZD10: 123 | ZE10: 123 | ZF10: 145 | ZG10: 145 | ZH10: 145 | ZI10: 145 | ZJ10: 117.3 | ZK10: 117.3 | ZL10: 110.3 | ZM10: 103 | ZN10: 103 | ZO10: 103 | ZP10: 103 | ZQ10: 90.3 | ZR10: 86.8 | ZS10: 86.3 | ZT10: 81.3 | ZU10: 82.3 | ZV10: 83.3 | ZW10: 83.3 | ZX10: 94.3 | ZY10: 94.3 | ZZ10: 89.3 | AAA10: 89.3 | AAB10: 78.3 | AAC10: 78.3 | AAD10: 85.3 | AAE10: 85.3 | AAF10: 72.3 | AAG10: 72.3 | AAH10: 87.3 | AAI10: 92.3 | AAJ10: 92.3 | AAK10: 91.8 | AAL10: 91.8 | AAM10: 91.8 | AAN10: 91.8 | AAO10: 91.8 | AAP10: 91.8 | AAQ10: 91.8 | AAR10: 99 | AAS10: 99.5 | AAT10: 99.5 | AAU10: 99.5 | AAV10: 105 | AAW10: 108 | AAX10: 105 | AAY10: 103 | AAZ10: 103.5 | ABA10: 111 | ABB10: 58.5 | ABC10: 57 | ABD10: 56 | ABE10: 55 | ABF10: 55 | ABG10: 53 | ABH10: 53 | ABK10: 62.5 | ABL10: 62.5 | ABM10: 59.5 | ABN10: 64 | ABO10: 66 | ABP10: 66 | ABQ10: 64 | ABR10: 64 | ABS10: 65 | ABT10: 65 | ABU10: 65.5 | ABV10: 64 | ABW10: 64 | ABX10: 66.5 | ABY10: 67.3 | ABZ10: 69.8 | ACA10: 69.8 | ACB10: 68.8 | ACC10: 68.3 | ACD10: 68.3 | ACE10: 67.3 | ACF10: 67.3 | ACG10: 66.3 | ACH10: 66.8 | ACI10: 67.8 | ACJ10: 67.8 | ACK10: 67.3 | ACL10: 67.3 | ACM10: 67.3 | ACN10: 67.8 | ACO10: 67.8 | ACP10: 68.3 | ACQ10: 69.3 | ACR10: 69.3 | ACS10: 69.3 | ACT10: 68.8 | ACU10: 66.3 | ACV10: 66.3 | ACW10: 66.3 | ACX10: 66.3 | ACY10: 68.8 | ACZ10: 68.8 | ADA10: 64.3 | ADB10: 65.3 | ADC10: 66.3 | ADD10: 68.3 | ADE10: 71.3 | ADF10: 71.3 | ADG10: 74 | ADH10: 74 | ADI10: 76 | ADJ10: 76 | ADK10: 76.3 | ADL10: 76.3 | ADM10: 76.3 | ADN10: 76.3 | ADO10: 76.3 | ADP10: 76.3 | ADQ10: 76.3 | ADR10: 76.3 | ADS10: 66.3 | ADT10: 72.3 | ADU10: 74.3 | ADV10: 82.3 | ADW10: 87.3 | ADX10: 89.3 | ADY10: 110.3 | ADZ10: 120.3 | AEA10: 120.3 | AEB10: 120.3 | AEC10: 120.3 | AED10: 120.3 | AEE10: 120.3 | AEF10: 120.3 | AEG10: 132 | AEH10: 134 | AEI10: 134 | AEJ10: 134 | AEK10: 125 | AEL10: 125 | AEM10: 118 | AEN10: 113 | AEO10: 107 | AEP10: 98.3 | AEQ10: 84.3 | AER10: 80 | AES10: 80 | AET10: 81.5 | AEU10: 81.5 | AEV10: 81 | AEW10: 83.5 | AEX10: 92 | AEY10: 89 | AEZ10: 90 | AFA10: 88 | AFB10: 77 | AFC10: 77 | AFD10: 77 | AFE10: 78.5 | AFF10: 84 | AFG10: 82 | AFH10: 80 | AFI10: 84.5 | AFJ10: 88 | AFK10: 91 | AFL10: 94 | AFM10: 92 | AFN10: 91.5 | AFO10: 91.5 | AFP10: 95 | AFQ10: 85.3 | AFR10: 85.3 | AFS10: 85.3 | AFT10: 84.3 | AFU10: 84.3 | AFV10: 81.3 | AFW10: 81.3 | AFX10: 81.3 | AFY10: 82.3 | AFZ10: 82.3 | AGA10: 89.3 | AGB10: 89.3 | AGC10: 88.3 | AGD10: 88.3 | AGE10: 88.3 | AGF10: 89.3 | AGG10: 89.3 | AGH10: 88.3 | AGI10: 88.3 | AGJ10: 88.3 | AGK10: 88.3 | AGL10: 92.3 | AGM10: 92.3 | AGN10: 88.3 | AGO10: 84.3 | AGP10: 84.3 | AGQ10: 83 | AGR10: 83 | AGS10: 85 | AGT10: 92 | AGU10: 95 | AGV10: 95 | AGW10: 95 | AGX10: 95 | AGY10: 96 | AGZ10: 96 | AHA10: 101 | AHB10: 105 | AHC10: 105 | AHF10: 50 | AHG10: 52.5 | AHH10: 50 | AHI10: 50.3 | AHJ10: 58.5 | AHK10: 60 | AHL10: 60 | AHM10: 66.5 | AHN10: 64 | AHO10: 61.3 | AHP10: 61.8 | AHQ10: 61.8 | AHR10: 61.8 | AHS10: 61.8 | AHT10: 61.8 | AHU10: 61.8 | AHV10: 61.8 | AHW10: 61.8 | AHX10: 61.8 | AHY10: 74.3 | AHZ10: 74.8 | AIA10: 74.8 | AIB10: 74.8 | AIC10: 73.8 | AID10: 73.3 | AIE10: 72.8 | AIF10: 72.8 | AIG10: 72.8 | AIH10: 72.8 | AII10: 72.8 | AIJ10: 72 | AIK10: 73.5 | AIL10: 73.5 | AIM10: 73 | AIN10: 72.5 | AIO10: 72.5 | AIP10: 72.5 | AIQ10: 73.8 | AIR10: 73.8 | AIS10: 74.8 | AIT10: 76.2 | AIU10: 76.3 | AIV10: 63.5 | AIW10: 63.5 | AIX10: 62.3 | AIZ10: 62 | AJA10: 62 | AJB10: 62 | AJD10: 62 | AJE10: 원료소진 | AJF10: 원료소진 | AJG10: 원료소진 | AJH10: 원료소진 | AJI10: 67.5 | AJJ10: 67.5 | AJK10: 65.8 | AJL10: 66.8 | AJM10: 72.3 | AJN10: 74.3 | AJO10: X | AJP10: X | AJQ10: 108.3 | AJR10: 107.3 | AJS10: 102.8 | AJT10: 63 | AJU10: 62 | AJV10: 60 | AJW10: 60 | AJX10: 60 | AJY10: 63 | AJZ10: 63 | AKA10: 63 | AKB10: 66 | AKC10: 71 | AKD10: 71 | AKE10: 66 | AKG10: =AVERAGE(EP10,JV10,PB10,ABA10,AKE10) -> 95.5 | AKI10: =AVERAGE(AM10,FS10,QE10,WX10,ACA10) -> 71.86 | AKJ10: =AVERAGE(AN10,FT10,QF10,WY10,ACB10) -> 69.74 | AKK10: =AVERAGE(EP10,JV10,UH10,ABA10,#REF!) -> #REF! | AKL10: =AVERAGE(EP10,JV10,UH10,ABA10,#REF!) -> #REF! | AKM10: =AVERAGE(AZ10,GF10,LL10,QR10,XK10,ACN10,AIQ10) -> 70.374286 | AKN10: =AVERAGE(EP10,JV10,PB10,UH10,ABA10,#REF!,AJS10) -> #REF! | AKO10: =AVERAGE(AJA10,ACX10,XU10,VP10,LV10,GP10,AKE10) -> 64.471429 | ALE10: =AVERAGE(EP10,JV10,PB10,UH10,ABA10,#REF!) -> #REF! | ALF10: =AVERAGE(EP10,JV10,PB10,UH10,ABA10,#REF!) -> #REF! | ALU10: 92.3 | ALV10: 92.3 | ALW10: 85 | ALX10: 87 | ALY10: 84.5 | ALZ10: 84.5 | AMA10: 89 | AMB10: 94.2 | AMC10: 107 | AMD10: 108.6 | AME10: 111.5 | AMF10: 108 | AMG10: 106 | AMH10: 101.5 | AMI10: 101.5 | AMJ10: 105.5 | AMK10: 91.4 | AMO10: =AVERAGE(AHC10,ABA10,UH10,PB10,JV10,EP10) -> 106.24
A11: CHINA | B11: RDS CHINA DUCK DOWN 80/20 | C11: GREY | D11: 600 | E11: ALLIED | F11: 28 | G11: =F11+0.3 -> 28.3 | H11: 28.3 | I11: 39.3 | J11: 5000 | L11: 27 | M11: 30 | N11: 34.5 | O11: 31.5 | P11: 27.2 | Q11: 28 | R11: 28 | S11: 30 | T11: 40.9 | U11: 45 | V11: 45 | W11: 46 | X11: 40 | Y11: 36 | Z11: 36.5 | AA11: 39 | AB11: 44 | AC11: 42 | AF11: 41 | AG11: 41 | AH11: 39.5 | AI11: 40 | AJ11: 41 | AK11: 43.5 | AL11: 43.5 | AM11: 47.3 | AN11: 41.5 | AO11: 40.5 | AP11: 40.5 | AQ11: 40.5 | AR11: 40.5 | AS11: 37.5 | AT11: 40 | AU11: 40 | AV11: 40 | AW11: 40 | AX11: 39 | AY11: 39 | AZ11: 38.5 | BA11: 41.5 | BB11: 41.5 | BC11: 41.5 | BD11: 41.5 | BE11: 39 | BF11: 38.5 | BG11: 37.5 | BH11: 36.9 | BI11: 35.5 | BJ11: 35.5 | BK11: 35.5 | BL11: 35.5 | BM11: 35.5 | BN11: 35.5 | BO11: 36.5 | BP11: 38.5 | BQ11: 37.5 | BR11: 35.5 | BS11: 35 | BT11: 34.5 | BU11: 34.5 | BV11: 34 | BW11: 34.5 | BX11: 34.5 | BY11: 34.5 | BZ11: 34 | CA11: 34 | CB11: 34 | CC11: 34 | CD11: 34.5 | CE11: 34.5 | CF11: 36 | CG11: 38 | CH11: 38 | CI11: 36 | CJ11: 37 | CK11: 38 | CL11: 40 | CM11: 45 | CN11: 46 | CO11: 42 | CP11: 42 | CQ11: 42 | CR11: 45 | CS11: 48 | CT11: 50 | CU11: 50 | CV11: 50 | CW11: 50 | CX11: 53 | CY11: 55 | CZ11: 54 | DA11: 52 | DB11: 49 | DC11: 45 | DD11: 47 | DE11: 45 | DF11: 45 | DG11: 44 | DH11: 43 | DI11: 42 | DJ11: 42 | DK11: 42 | DL11: 41 | DM11: 41 | DN11: 42 | DO11: 44 | DP11: 41 | DQ11: 45 | DR11: 46 | DS11: 47 | DT11: 47 | DU11: 47 | DV11: 48 | DW11: 49 | DX11: 51 | DY11: 53 | DZ11: 53 | EA11: 51 | EB11: 51 | EC11: 50 | ED11: 50 | EE11: 50 | EF11: 52 | EG11: 60 | EH11: 60 | EI11: 62 | EJ11: 62 | EK11: 62 | EL11: 62 | EM11: 62 | EN11: 60 | EO11: 60 | EP11: 60 | ER11: 35 | ES11: 39 | ET11: 39 | EU11: 39 | EV11: 30 | EW11: 30 | EX11: 30 | EY11: 35 | EZ11: 42 | FA11: 53.5 | FB11: 50 | FC11: 48 | FD11: 50.5 | FE11: 49 | FF11: 52 | FG11: 50 | FH11: 50 | FI11: 48.5 | FJ11: 47.5 | FK11: 52 | FL11: 52 | FM11: 52 | FN11: 47 | FO11: 48 | FP11: 48 | FQ11: 49.5 | FR11: 49.5 | FS11: 48.5 | FT11: 46.5 | FU11: 43.5 | FV11: 42.5 | FW11: 42 | FX11: 42 | FY11: 43.5 | FZ11: 45.5 | GA11: 45.5 | GB11: 46 | GC11: 45 | GD11: 45 | GE11: 44.5 | GF11: 46 | GG11: 48 | GH11: 50 | GI11: 50 | GJ11: 43.5 | GK11: 38.5 | GL11: 36.7 | GM11: 34.8 | GN11: 34.6 | GO11: 34.6 | GP11: 35.8 | GQ11: 35.8 | GR11: 38 | GS11: 38 | GT11: 40 | GU11: 49 | GV11: 51 | GW11: 50 | GX11: 48 | GY11: 50 | GZ11: 50 | HA11: 49.5 | HB11: 49 | HC11: 44.5 | HD11: 44.1 | HE11: 44.1 | HF11: 43.7 | HG11: 44 | HH11: 44 | HI11: 44 | HJ11: 44 | HK11: 43.5 | HL11: 38 | HM11: 42 | HN11: 42 | HO11: 42 | HP11: 41 | HQ11: 49 | HR11: 53 | HS11: 54.5 | HT11: 54 | HU11: 53 | HV11: 53.5 | HW11: 49.5 | HX11: 49.5 | HY11: 58 | HZ11: 59 | IA11: 58 | IB11: 59 | IC11: 55.5 | ID11: 58 | IE11: 58 | IF11: 58 | IG11: 55 | IH11: 48 | II11: 49 | IJ11: 51 | IK11: 51 | IL11: 50 | IM11: 48 | IN11: 48 | IO11: 47 | IP11: 47 | IQ11: 47 | IR11: 45.8 | IS11: 44.5 | IT11: 46.5 | IU11: 50.5 | IV11: 48.5 | IW11: 45.5 | IX11: 45.5 | IY11: 47 | IZ11: 48 | JA11: 47 | JB11: 47 | JC11: 51 | JD11: 58 | JE11: 58 | JF11: 58 | JG11: 57 | JH11: 57 | JI11: 57 | JJ11: 57.5 | JK11: 59 | JL11: 59 | JM11: 63.5 | JN11: 63.5 | JO11: 64 | JP11: 64 | JQ11: 66 | JR11: 66 | JS11: 66 | JT11: 63 | JU11: 60 | JV11: 64.5 | JW11: 20 | JX11: 29.8 | JY11: 31.5 | JZ11: 29.5 | KA11: 28.7 | KB11: 27.7 | KC11: 27.7 | KD11: 27.2 | KE11: 27.2 | KF11: 43 | KG11: 39 | KH11: 41 | KI11: 44 | KJ11: 39 | KK11: 37 | KL11: 38 | KM11: 41 | KN11: 44 | KO11: 42 | KP11: 42 | KQ11: 42 | KR11: 42 | KS11: 42 | KT11: 42 | KU11: 40 | KV11: 44 | KW11: 45.3 | KX11: 47.3 | KY11: 47.3 | KZ11: 43.3 | LA11: 43.3 | LB11: 43.3 | LC11: 41.3 | LD11: 41.3 | LE11: 39.3 | LF11: 39.3 | LG11: 39.3 | LH11: 40.3 | LI11: 39.3 | LJ11: 39.3 | LK11: 39.3 | LL11: 39.3 | LM11: 39.3 | LN11: 39.3 | LO11: 41.3 | LP11: 41.3 | LQ11: 39.3 | LR11: 38.8 | LS11: 34.3 | LT11: 34.3 | LU11: 34.3 | LV11: 33.3 | LW11: 33.3 | LX11: 33.3 | LY11: 33.3 | LZ11: 40.3 | MA11: 40.3 | MB11: 37.3 | MC11: 39.3 | MD11: 39.3 | ME11: 39.3 | MF11: 39.3 | MG11: 39.3 | MH11: 39.3 | MI11: 39.3 | MJ11: 39.3 | MK11: 39.3 | ML11: 37.3 | MM11: 37.3 | MN11: 37.3 | MO11: 36 | MP11: 35 | MQ11: 35 | MR11: 36 | MS11: 38 | MT11: 38 | MU11: 37 | MV11: 45 | MW11: 48 | MX11: 48 | MY11: 49 | MZ11: 50 | NA11: 48 | NB11: 48 | NC11: 48 | ND11: 49 | NE11: 55 | NF11: 55 | NG11: 58 | NH11: 56 | NI11: 51 | NJ11: 53 | NK11: 52 | NL11: 52 | NM11: 51 | NN11: 48 | NO11: 43.3 | NP11: 45.3 | NQ11: 44.3 | NR11: 44.3 | NS11: 44.3 | NT11: 44.3 | NU11: 43 | NV11: 40.3 | NW11: 41.3 | NX11: 42.3 | NY11: 45.1 | NZ11: 48.3 | OA11: 48.3 | OB11: 43.3 | OC11: 44.3 | OD11: 44.3 | OE11: 44.3 | OF11: 44.3 | OG11: 45.3 | OH11: 45.3 | OI11: 45.3 | OJ11: 48.3 | OK11: 54.3 | OL11: 52.3 | OM11: 51.3 | ON11: 48.3 | OO11: 47 | OP11: 48.6 | OQ11: 48.9 | OR11: 49.8 | OS11: 54 | OT11: 55 | OU11: 56 | OV11: 58 | OW11: 58 | OX11: 58 | PC11: 23.5 | PD11: 29.9 | PE11: 32.9 | PF11: 29.8 | PG11: 28.6 | PH11: 26.8 | PI11: 27.7 | PJ11: 27.7 | PK11: 31.2 | PL11: 39.5 | PR11: 43.3 | PS11: 43.3 | PT11: 42.4 | PU11: 41.5 | PV11: 41.5 | PW11: 41.5 | PX11: 40.4 | PY11: 40.4 | PZ11: 40.4 | QA11: 43 | QB11: 43 | QC11: 47.4 | QD11: 47.4 | QE11: 47.4 | QF11: 42 | QG11: 42 | QH11: 39.3 | QI11: 39.3 | QJ11: 37.5 | QK11: 36.6 | QL11: 43.8 | QM11: 43.8 | QN11: 38.2 | QO11: 38.6 | QP11: 36.84 | QQ11: 36.84 | QR11: 37.7 | QS11: 40.3 | QT11: 40.3 | QU11: 39.34 | QV11: 39.34 | QW11: 37.9 | QX11: 36.14 | QY11: 33.9 | QZ11: 34.14 | RA11: 33.9 | RB11: 32.22 | RC11: 36.54 | RD11: 36.54 | RE11: 36.54 | RF11: 41.5 | RG11: 40.2 | RH11: 40.2 | RI11: 39.6 | RJ11: 38.8 | RK11: 38.8 | RL11: 38.5 | RM11: 38 | RN11: 37 | RO11: 37 | RP11: 36.9 | RQ11: 36.9 | RR11: 37 | RS11: 37 | RT11: 37 | RU11: 36.3 | RV11: 36.3 | RW11: 32.6 | RX11: 40.6 | RY11: 42.4 | RZ11: 42.4 | SA11: 43.7 | SB11: 45.6 | SC11: 45.6 | SD11: 48.9 | SE11: 49.5 | SF11: 50.1 | SG11: 51 | SH11: 51 | SI11: 51.8 | SJ11: 51.8 | SK11: 59.1 | SL11: 59.1 | SM11: 59.1 | SN11: 59.1 | SO11: 55.1 | SP11: 57.8 | SQ11: 57.8 | SR11: 57.7 | SS11: 49.3 | ST11: 49.4 | SU11: 41.3 | SV11: 41.3 | SW11: 41.3 | SX11: 41.3 | SY11: 41.3 | SZ11: 41.3 | TA11: 40.8 | TB11: 40.8 | TC11: 40.8 | TD11: 40.8 | TE11: 46.4 | TF11: 46.4 | TG11: 46.4 | TH11: 41.3 | TI11: 44.8 | TJ11: 44.8 | TK11: 46.4 | TL11: 49.6 | TM11: 49.6 | TN11: 48 | TO11: 52.7 | TP11: 57.5 | TQ11: 52.2 | TR11: 57.5 | TS11: 51.27 | TT11: 51.27 | TU11: 51 | TV11: 59.84 | TW11: 59.84 | TX11: 59.84 | TY11: 61.82 | TZ11: 59.69 | UA11: 60.5 | UB11: 61.3 | UC11: 61.5 | UD11: 61.3 | UE11: 62.6 | UF11: 59.8 | UG11: 60.6 | UH11: 61.4 | VY11: 31 | VZ11: 31 | WA11: 29.5 | WB11: 29 | WC11: 29 | WD11: 28 | WE11: 38 | WF11: 31 | WG11: 44 | WH11: 39 | WI11: 39 | WJ11: 39 | WK11: 52.5 | WL11: 52.5 | WM11: 52.5 | WP11: 40.5 | WQ11: 41.5 | WR11: 41.5 | WS11: 41.2 | WT11: 43.5 | WU11: 48 | WV11: 48.3 | WW11: 48.3 | WX11: 44.3 | WY11: 41.3 | WZ11: 40.8 | XA11: 40.8 | XB11: 43.94 | XC11: 42.85 | XD11: 42.85 | XE11: 41.9 | XF11: 42 | XG11: 42 | XH11: 42.5 | XI11: 41.4 | XJ11: 41.1 | XK11: 41.1 | XL11: 40.6 | XM11: 41.6 | XN11: 41.6 | XO11: 41.6 | XP11: 39 | XQ11: 39 | XR11: 38.3 | XS11: 35.3 | XT11: 35.3 | XU11: 35.3 | XV11: 35.3 | XW11: 34.3 | XX11: 34.3 | XY11: 34.3 | XZ11: 35.3 | YA11: 39.3 | YB11: 35.3 | YC11: 35.3 | YD11: 35.3 | YE11: 35.3 | YF11: 35.3 | YG11: 36.3 | YH11: 37.3 | YI11: 37.3 | YJ11: 37.3 | YK11: 36.3 | YL11: 36.3 | YM11: 36.3 | YN11: 36.3 | YO11: 36.3 | YP11: 36.3 | YQ11: 36.3 | YR11: 37.3 | YS11: 37.3 | YT11: 38.3 | YU11: 42 | YV11: 44 | YW11: 44 | YX11: 44 | YY11: 44 | YZ11: 45 | ZA11: 45 | ZB11: 45 | ZC11: 49 | ZD11: 53 | ZE11: 53 | ZF11: 56 | ZG11: 56 | ZH11: 60 | ZI11: 60 | ZJ11: 55.3 | ZK11: 52.3 | ZL11: 51.3 | ZM11: 46.5 | ZN11: 46 | ZO11: 46 | ZP11: 46 | ZQ11: 46.3 | ZR11: 46.3 | ZS11: 45.8 | ZT11: 43.3 | ZU11: 44.3 | ZV11: 44.8 | ZW11: 44.8 | ZX11: 52.3 | ZY11: 52.3 | ZZ11: 49.8 | AAA11: 49.8 | AAB11: 48.3 | AAC11: 48.3 | AAD11: 52.3 | AAE11: 52.3 | AAF11: 45.3 | AAG11: 45.3 | AAH11: 53.3 | AAI11: 60.3 | AAJ11: 60.3 | AAK11: 53.3 | AAL11: 50.3 | AAM11: 50.3 | AAN11: 50.3 | AAO11: 54.3 | AAP11: 54.3 | AAQ11: 54.3 | AAR11: 60 | AAS11: 60 | AAT11: 60 | AAU11: 60 | AAV11: 59.5 | AAW11: 62 | AAX11: 61 | AAY11: 56 | AAZ11: 60.5 | ABA11: 58.5 | ABB11: 31.8 | ABC11: 31 | ABD11: 30 | ABE11: 29 | ABF11: 29 | ABG11: 27.5 | ABH11: 27.5 | ABM11: 39 | ABN11: 41 | ABO11: 42.5 | ABP11: 42.5 | ABQ11: 41 | ABR11: 41 | ABS11: 40 | ABT11: 40 | ABU11: 39.8 | ABV11: 39.5 | ABW11: 38.7 | ABX11: 41 | ABY11: 41.8 | ABZ11: 44.8 | ACA11: 44.8 | ACB11: 43.8 | ACC11: 43.3 | ACD11: 41.3 | ACE11: 42.8 | ACF11: 41.8 | ACG11: 41.3 | ACH11: 41.8 | ACI11: 41.8 | ACJ11: 41.8 | ACK11: 40.8 | ACL11: 40.8 | ACM11: 41.3 | ACN11: 41.3 | ACO11: 41.3 | ACP11: 41.3 | ACQ11: 41.3 | ACR11: 40.3 | ACS11: 40 | ACT11: 38.3 | ACU11: 36.8 | ACV11: 35.3 | ACW11: 34.3 | ACX11: 33 | ACY11: 35.3 | ACZ11: 35.3 | ADA11: 33.3 | ADB11: 34.3 | ADC11: 36.3 | ADD11: 38.3 | ADE11: 38.3 | ADF11: 38.3 | ADG11: 38 | ADH11: 38.3 | ADI11: 38.3 | ADJ11: 38.3 | ADK11: 36.3 | ADL11: 35.3 | ADM11: 35.3 | ADN11: 35.3 | ADO11: 35.3 | ADP11: 36.3 | ADQ11: 36.3 | ADR11: 36.3 | ADS11: 32.3 | ADT11: 35.3 | ADU11: 36.3 | ADV11: 39.3 | ADW11: 42.3 | ADX11: 42.3 | ADY11: 51.3 | ADZ11: 53.3 | AEA11: 53.3 | AEB11: 51.3 | AEC11: 51.3 | AED11: 51.3 | AEE11: 44 | AEF11: 44 | AEG11: 55 | AEH11: 58 | AEI11: 58 | AEJ11: 59 | AEK11: 55 | AEL11: 55 | AEM11: 53 | AEN11: 53 | AEO11: 50 | AEP11: 48.3 | AEQ11: 43.3 | AFQ11: 44 | AFR11: 44 | AFS11: 43.8 | AFT11: 43.8 | AFU11: 43.8 | AFV11: 42.3 | AFW11: 42.3 | AFX11: 42.3 | AFY11: 43.3 | AFZ11: 43.3 | AGA11: 43.5 | AGB11: 43.8 | AGC11: 42.8 | AGD11: 43.3 | AGE11: 44.3 | AGF11: 47.8 | AGG11: 47.8 | AGH11: 48.3 | AGI11: 49.8 | AGJ11: 50.1 | AGK11: 50.1 | AGL11: 55 | AGM11: 55 | AGN11: 49.3 | AGO11: 49.3 | AGP11: 49.3 | AGQ11: 47 | AGR11: 47 | AGS11: 50 | AGT11: 55 | AGU11: 55 | AGV11: 59 | AGW11: 59 | AGX11: 59 | AGY11: 57 | AGZ11: 57 | AHA11: 57 | AHB11: 55 | AHC11: 55 | AHE11: 46.8 | AIZ11: 34 | AJA11: 34 | AJB11: 34 | AJI11: 35 | AJQ11: 49.3 | AJR11: 48.8 | AJS11: 45.8 | AJT11: 37 | AJU11: 36 | AJV11: 35.5 | AJW11: 34 | AJX11: 33 | AJY11: 33 | AJZ11: 33 | AKA11: 33 | AKB11: 34 | AKC11: 34 | AKD11: 34 | AKE11: 34 | AKG11: =AVERAGE(EP11,JV11,PB11,ABA11,#REF!) -> #REF! | AKI11: =AVERAGE(FS11,KY11,QE11,ACA11) -> 47 | AKJ11: =AVERAGE(AN11,KZ11,QF11,ACB11) -> 42.65 | AKK11: =AVERAGE(#REF!,UH11,ABA11,#REF!) -> #REF! | AKL11: =AVERAGE(EP11,JV11,ABA11) -> 61 | AKO11: =AVERAGE(AJA11,ACX11,XU11,AKE11,LV11,BJ11) -> 34.183333 | AKU11: $39.5 10,000kg | AKW11: WH $73.0 50,000kg | ALE11: =AVERAGE(EP11,JV11,PB11,UH11,ABA11,#REF!) -> #REF! | ALF11: =AVERAGE(EP11,JV11,PB11,UH11,ABA11,#REF!) -> #REF! | ALU11: 57.5 | ALV11: 57.5 | ALW11: 53.5 | ALX11: 56 | ALY11: 54.3 | ALZ11: 54.3 | AMA11: 61 | AMB11: 63.5 | AMC11: 66.5 | AMD11: 68.6 | AME11: 65 | AMF11: 63.5 | AMG11: 64.5 | AMH11: 62 | AMI11: 62 | AMJ11: 62 | AMK11: 51.1 | AMO11: =AVERAGE(AHC11,ABA11,UH11,PB11,JV11,EP11) -> 59.88
A12: CHINA | B12: RDS CHINA DUCK DOWN 80/20 | C12: WHITE | D12: 600 | E12: ALLIED | F12: 30.4 | G12: =F12+0.3 -> 30.7 | L12: 28 | M12: 31 | N12: 36 | O12: 35 | P12: 32 | Q12: 33.5 | R12: 33.5 | S12: 36 | T12: 44.8 | U12: 47 | V12: 47 | W12: 49 | X12: 42 | Y12: 47 | Z12: 42.5 | AA12: 45 | AB12: 46 | AC12: 48 | AF12: 47 | AG12: 47 | AH12: 44.5 | AI12: 44 | AJ12: 45 | AK12: 47.5 | AL12: 47.5 | AM12: 52 | AN12: 45.5 | AO12: 44.5 | AP12: 44.5 | AQ12: 44.5 | AR12: 44.5 | AS12: 44.5 | AT12: 44.5 | AU12: 44.5 | AV12: 44.5 | AW12: 44.5 | AX12: 44.5 | AY12: 44.5 | AZ12: 44.5 | BA12: 44.5 | BB12: 44.5 | BC12: 44.5 | BD12: 44.5 | BE12: 44.5 | BF12: 44.5 | BG12: 44.5 | BH12: 44.5 | BI12: 44.5 | BJ12: 44.5 | BK12: 44.5 | BL12: 44.5 | BM12: 44.5 | BN12: 44.5 | BO12: 44.5 | BP12: 44.5 | BQ12: 44.5 | BR12: 44.5 | BS12: 44.5 | BT12: 44.5 | BU12: 44.5 | BV12: 44.5 | BW12: 44.5 | BX12: 44.5 | BY12: 44.5 | BZ12: 44.5 | CA12: 44.5 | CB12: 44.5 | CC12: 44.5 | CD12: 44.5 | CE12: 44.5 | CF12: 44.5 | CG12: 44.5 | CH12: 44.5 | CI12: 44.5 | CJ12: 44.5 | CK12: 44.5 | CL12: 44.5 | CM12: 44.5 | CN12: 44.5 | CO12: 44.5 | CP12: 44.5 | CQ12: 44.5 | CR12: 44.5 | CS12: 44.5 | CT12: 44.5 | CU12: 44.5 | CV12: 44.5 | CW12: 44.5 | CX12: 44.5 | CY12: 44.5 | CZ12: 44.5 | DA12: 44.5 | DB12: 44.5 | DC12: 44.5 | DD12: 44.5 | DE12: 44.5 | DF12: 44.5 | DG12: 44.5 | DH12: 44.5 | ER12: 38 | ES12: 40 | ET12: 40 | EU12: 40 | EV12: 32 | EW12: 32 | EX12: 32 | EY12: 37 | EZ12: 45 | FA12: 57 | FB12: 54 | FC12: 51 | FD12: 54.5 | FE12: 53 | FF12: 57 | FG12: 54 | FH12: 54 | FI12: 52.5 | FJ12: 52.5 | FK12: 57.5 | FL12: 57.5 | FM12: 57.5 | FN12: 52 | FO12: 53 | FP12: 53 | FQ12: 55.5 | FR12: 55.5 | FS12: 54.5 | FT12: 51.5 | FU12: 48.5 | FV12: 48.5 | FW12: 48.5 | FX12: 48.5 | FY12: 48.5 | FZ12: 48.5 | GA12: 48.5 | GB12: 48.5 | GC12: 48.5 | GD12: 48.5 | GE12: 48.5 | GF12: 48.5 | GG12: 48.5 | GH12: 48.5 | GI12: 48.5 | GJ12: 48.5 | GK12: 48.5 | GL12: 48.5 | GM12: 48.5 | GN12: 48.5 | GO12: 48.5 | GP12: 48.5 | GQ12: 48.5 | GR12: 48.5 | GS12: 48.5 | GT12: 48.5 | GU12: 48.5 | GV12: 48.5 | GW12: 48.5 | GX12: 48.5 | GY12: 48.5 | GZ12: 48.5 | HA12: 48.5 | HB12: 48.5 | HC12: 48.5 | HD12: 48.5 | HE12: 48.5 | HF12: 48.5 | HG12: 48.5 | HH12: 48.5 | HI12: 48.5 | HJ12: 48.5 | HK12: 48.5 | HL12: 48.5 | HM12: 48.5 | HN12: 48.5 | HO12: 48.5 | HP12: 48.5 | HQ12: 48.5 | HR12: 48.5 | HS12: 48.5 | HT12: 48.5 | HU12: 48.5 | HV12: 48.5 | HW12: 48.5 | HX12: 48.5 | HY12: 48.5 | HZ12: 48.5 | IA12: 48.5 | IB12: 48.5 | IC12: 48.5 | ID12: 48.5 | IE12: 48.5 | IF12: 48.5 | IG12: 48.5 | IH12: 48.5 | II12: 48.5 | IJ12: 48.5 | IK12: 48.5 | IL12: 48.5 | IM12: 48.5 | IN12: 48.5 | JH12: 48.5 | JV12: 48.5 | JW12: 21.5 | JX12: 31.3 | JY12: 33 | JZ12: 32.5 | KA12: 31.7 | KB12: 31.7 | KC12: 31.7 | KD12: 31.7 | KE12: 31.7 | KF12: 45 | KG12: 41 | KH12: 43 | KI12: 46 | KJ12: 46 | KK12: 42 | KL12: 42 | KM12: 44 | KN12: 47 | KO12: 46 | KP12: 46 | KQ12: 46 | KR12: 46 | KS12: 46 | KT12: 46 | KU12: 44 | KV12: 48 | KW12: 48.3 | KX12: 50.3 | KY12: 50.3 | KZ12: 46.3 | LA12: 46.3 | LB12: 46.3 | LC12: 46.3 | LD12: 46.3 | LE12: 46.3 | LF12: 46.3 | LG12: 46.3 | LH12: 46.3 | LI12: 46.3 | LJ12: 46.3 | LK12: 46.3 | LL12: 46.3 | LM12: 46.3 | LN12: 46.3 | LO12: 46.3 | LP12: 46.3 | LQ12: 46.3 | LR12: 46.3 | LS12: 46.3 | LT12: 46.3 | LU12: 46.3 | LV12: 46.3 | LW12: 46.3 | LX12: 46.3 | LY12: 46.3 | LZ12: 46.3 | MA12: 46.3 | MB12: 46.3 | MC12: 46.3 | MD12: 46.3 | ME12: 46.3 | MF12: 46.3 | MG12: 46.3 | MH12: 46.3 | MI12: 46.3 | MJ12: 46.3 | MK12: 46.3 | ML12: 46.3 | MM12: 46.3 | MN12: 46.3 | MO12: 46.3 | MP12: 46.3 | MQ12: 46.3 | MR12: 46.3 | MS12: 46.3 | MT12: 46.3 | MU12: 46.3 | MV12: 46.3 | MW12: 46.3 | MX12: 46.3 | MY12: 46.3 | MZ12: 46.3 | NA12: 46.3 | NB12: 46.3 | NC12: 46.3 | ND12: 46.3 | NE12: 46.3 | NF12: 46.3 | NG12: 46.3 | NH12: 46.3 | NI12: 46.3 | NJ12: 46.3 | NK12: 46.3 | NL12: 46.3 | NM12: 46.3 | NN12: 46.3 | NO12: 46.3 | NP12: 46.3 | NQ12: 46.3 | NR12: 46.3 | NS12: 46.3 | NT12: 46.3 | ON12: 46.3 | PB12: 46.3 | PC12: 24.3 | PD12: 34.1 | PE12: 40.7 | PF12: 32 | PG12: 35.5 | PH12: 34.6 | PI12: 33.7 | PJ12: 32 | PK12: 38 | PL12: 42.1 | PR12: 48.7 | PS12: 48.7 | PT12: 47.8 | PU12: 46.9 | PV12: 46.9 | PW12: 46.9 | PX12: 45.6 | PY12: 45.6 | PZ12: 45.6 | QA12: 46.5 | QB12: 46.5 | QC12: 51 | QD12: 51 | QE12: 50.1 | QF12: 44.7 | QG12: 44.7 | QH12: 44.7 | QI12: 44.7 | QJ12: 44.7 | QK12: 44.7 | QL12: 44.7 | QM12: 44.7 | QN12: 44.7 | QO12: 44.7 | QP12: 44.7 | QQ12: 44.7 | QR12: 44.7 | QS12: 44.7 | QT12: 44.7 | QU12: 44.7 | QV12: 44.7 | QW12: 44.7 | QX12: 44.7 | QY12: 44.7 | QZ12: 44.7 | RA12: 44.7 | RB12: 44.7 | RC12: 44.7 | RD12: 44.7 | RE12: 44.7 | RF12: 44.7 | RG12: 44.7 | RH12: 44.7 | RI12: 44.7 | RJ12: 44.7 | RK12: 44.7 | RL12: 44.7 | RM12: 44.7 | VY12: 33 | VZ12: 33 | WA12: 32.5 | WB12: 32 | WC12: 32 | WD12: 31 | WE12: 40 | WF12: 34 | WG12: 46 | WH12: 41 | WI12: 43 | WJ12: 43 | WK12: 59 | WL12: 59 | WM12: 59 | WP12: 48.7 | WQ12: 48.7 | WR12: 48.7 | WS12: 46.8 | WT12: 49 | WU12: 52 | WV12: 52.3 | WW12: 52.3 | WX12: 48.8 | WY12: 45.3 | WZ12: 44.8 | XA12: 44.8 | XB12: 44.8 | XC12: 44.8 | XD12: 44.8 | XE12: 44.8 | XF12: 44.8 | XG12: 44.8 | XH12: 44.8 | XI12: 44.8 | XJ12: 44.8 | XK12: 44.8 | XL12: 44.8 | XM12: 44.8 | XN12: 44.8 | XO12: 44.8 | XP12: 44.8 | XQ12: 44.8 | XR12: 44.8 | XS12: 44.8 | XT12: 44.8 | XU12: 44.8 | XV12: 44.8 | XW12: 44.8 | XX12: 44.8 | XY12: 44.8 | XZ12: 44.8 | YA12: 44.8 | YB12: 44.8 | YC12: 44.8 | YD12: 44.8 | YE12: 44.8 | YF12: 44.8 | YG12: 44.8 | YH12: 44.8 | YI12: 44.8 | YJ12: 44.8 | YK12: 44.8 | YL12: 44.8 | YM12: 44.8 | YN12: 44.8 | YO12: 44.8 | YP12: 44.8 | ABB12: 33.8 | ABC12: 33.5 | ABD12: 32 | ABE12: 31 | ABF12: 31 | ABG12: 30.5 | ABH12: 30.5 | ABM12: 45 | ABN12: 47 | ABO12: 48 | ABP12: 48 | ABQ12: 46 | ABR12: 46 | ABS12: 45 | ABT12: 45 | ABU12: 44.5 | ABV12: 44.2 | ABW12: 44.2 | ABX12: 45 | ABY12: 45.8 | ABZ12: 48.8 | ACA12: 48.8 | ACB12: 47.8 | ACC12: 47.3 | ACD12: 45.3 | ACE12: 45.3 | ACF12: 45.3 | ACG12: 45.3 | ACH12: 45.3 | ACI12: 45.3 | ACJ12: 45.3 | ACK12: 45.3 | ACL12: 45.3 | ACM12: 45.3 | ACN12: 45.3 | ACO12: 45.3 | ACP12: 45.3 | ACQ12: 45.3 | ACR12: 45.3 | ACS12: 45.3 | ACT12: 45.3 | ACU12: 45.3 | ACV12: 45.3 | ACW12: 45.3 | ACX12: 45.3 | ACY12: 45.3 | ACZ12: 45.3 | ADA12: 45.3 | ADB12: 45.3 | ADC12: 45.3 | ADD12: 45.3 | ADE12: 45.3 | ADF12: 45.3 | ADG12: 45.3 | ADH12: 45.3 | ADI12: 45.3 | AHE12: 48.8
A13: CHINA | B13: RDS CHINA DUCK DOWN 80/20 | C13: P/WHITE | D13: 600 | E13: ALLIED | F13: 33.5 | G13: =F13+0.3 -> 33.8 | L13: 29 | M13: 35 | N13: 47 | O13: 43 | P13: 38 | Q13: 39 | R13: 39 | S13: 39 | T13: 47.1 | U13: 49 | V13: 49 | W13: 52 | X13: 44 | Y13: 49 | Z13: 44.5 | AA13: 47 | AB13: 48 | AC13: 49 | AF13: 49 | AG13: 49 | AH13: 46 | AI13: 46 | AJ13: 47 | AK13: 50.5 | AL13: 50.5 | AM13: 53.3 | AN13: 48.5 | AO13: 47.5 | AP13: 47.5 | AQ13: 47.5 | AR13: 47.5 | AS13: 47.5 | AT13: 47.5 | AU13: 47.5 | AV13: 47.5 | AW13: 47.5 | AX13: 47.5 | AY13: 47.5 | AZ13: 47.5 | BA13: 47.5 | BB13: 47.5 | BC13: 47.5 | BD13: 47.5 | BE13: 47.5 | BF13: 47.5 | BG13: 47.5 | BH13: 47.5 | BI13: 47.5 | BJ13: 47.5 | BK13: 47.5 | BL13: 47.5 | BM13: 47.5 | BN13: 47.5 | BO13: 47.5 | BP13: 47.5 | BQ13: 47.5 | BR13: 47.5 | BS13: 47.5 | BT13: 47.5 | BU13: 47.5 | BV13: 47.5 | BW13: 47.5 | BX13: 47.5 | BY13: 47.5 | BZ13: 47.5 | CA13: 47.5 | CB13: 47.5 | CC13: 47.5 | CD13: 47.5 | CE13: 47.5 | CF13: 47.5 | CG13: 47.5 | CH13: 47.5 | CI13: 47.5 | CJ13: 47.5 | CK13: 47.5 | CL13: 47.5 | CM13: 47.5 | CN13: 47.5 | CO13: 47.5 | CP13: 47.5 | CQ13: 47.5 | CR13: 47.5 | CS13: 47.5 | CT13: 47.5 | CU13: 47.5 | CV13: 47.5 | CW13: 47.5 | CX13: 47.5 | CY13: 47.5 | CZ13: 47.5 | DA13: 47.5 | DB13: 47.5 | DC13: 47.5 | DD13: 47.5 | DE13: 47.5 | DF13: 47.5 | DG13: 47.5 | DH13: 47.5 | JW13: 23.5 | JX13: 33.3 | JY13: 35 | JZ13: 34.5 | KA13: 33.7 | KB13: 33.7 | KC13: 33.7 | KD13: 33.7 | KE13: 33.7 | KF13: 47 | KG13: 43 | KH13: 45 | KI13: 48 | KJ13: 48 | KK13: 44 | KL13: 44 | KM13: 47 | KN13: 50 | KO13: 49 | KP13: 49 | KQ13: 49 | KR13: 49 | KS13: 49 | KT13: 49 | KU13: 46 | KV13: 51 | KW13: 51.3 | KX13: 53.3 | KY13: 53.3 | KZ13: 48.3 | LA13: 48.3 | LB13: 48.3 | LC13: 48.3 | LD13: 48.3 | LE13: 48.3 | LF13: 48.3 | LG13: 48.3 | LH13: 48.3 | LI13: 48.3 | LJ13: 48.3 | LK13: 48.3 | LL13: 48.3 | LM13: 48.3 | LN13: 48.3 | LO13: 48.3 | LP13: 48.3 | LQ13: 48.3 | LR13: 48.3 | LS13: 48.3 | LT13: 48.3 | LU13: 48.3 | LV13: 48.3 | LW13: 48.3 | LX13: 48.3 | LY13: 48.3 | LZ13: 48.3 | MA13: 48.3 | MB13: 48.3 | MC13: 48.3 | MD13: 48.3 | ME13: 48.3 | MF13: 48.3 | MG13: 48.3 | MH13: 48.3 | MI13: 48.3 | MJ13: 48.3 | MK13: 48.3 | ML13: 48.3 | MM13: 48.3 | MN13: 48.3 | MO13: 48.3 | MP13: 48.3 | MQ13: 48.3 | MR13: 48.3 | MS13: 48.3 | MT13: 48.3 | MU13: 48.3 | MV13: 48.3 | MW13: 48.3 | MX13: 48.3 | MY13: 48.3 | MZ13: 48.3 | NA13: 48.3 | NB13: 48.3 | NC13: 48.3 | ND13: 48.3 | NE13: 48.3 | NF13: 48.3 | NG13: 48.3 | NH13: 48.3 | NI13: 48.3 | NJ13: 48.3 | NK13: 48.3 | NL13: 48.3 | NM13: 48.3 | NN13: 48.3 | NO13: 48.3 | NP13: 48.3 | NQ13: 48.3 | NR13: 48.3 | NS13: 48.3 | NT13: 48.3 | ON13: 48.3 | PB13: 48.3 | PC13: 25.9 | PD13: 36.4 | PE13: 43.4 | PF13: 35.5 | PG13: 37.9 | PH13: 36.3 | PI13: 36.2 | PJ13: 34.1 | PK13: 39.8 | PL13: 43.9 | PR13: 50.5 | PS13: 50.5 | PT13: 49.6 | PU13: 48.7 | PV13: 48.7 | PW13: 48.7 | PX13: 47.4 | PY13: 47.4 | PZ13: 47.4 | QA13: 48.2 | QB13: 48.2 | QC13: 52.8 | QD13: 52.8 | QE13: 51.9 | QF13: 45.6 | QG13: 45.6 | QH13: 45.6 | QI13: 45.6 | QJ13: 45.6 | QK13: 45.6 | QL13: 45.6 | QM13: 45.6 | QN13: 45.6 | QO13: 45.6 | QP13: 45.6 | QQ13: 45.6 | QR13: 45.6 | QS13: 45.6 | QT13: 45.6 | QU13: 45.6 | QV13: 45.6 | QW13: 45.6 | QX13: 45.6 | QY13: 45.6 | QZ13: 45.6 | RA13: 45.6 | RB13: 45.6 | RC13: 45.6 | RD13: 45.6 | RE13: 45.6 | RF13: 45.6 | RG13: 45.6 | RH13: 45.6 | RI13: 45.6 | RJ13: 45.6 | RK13: 45.6 | RL13: 45.6 | RM13: 45.6 | VY13: 35 | VZ13: 35 | WA13: 34.5 | WB13: 34 | WC13: 34 | WD13: 33 | WE13: 42 | WF13: 36 | WG13: 48 | WH13: 43 | WI13: 45 | WJ13: 45 | WK13: 61 | WL13: 61 | WM13: 61 | WP13: 52 | WQ13: 52 | WR13: 52 | WS13: 49 | WT13: 52 | WU13: 55 | WV13: 55.3 | WW13: 55.3 | WX13: 52.8 | WY13: 48.3 | WZ13: 47.8 | XA13: 47.8 | XB13: 47.8 | XC13: 47.8 | XD13: 47.8 | XE13: 47.8 | XF13: 47.8 | XG13: 47.8 | XH13: 47.8 | XI13: 47.8 | XJ13: 47.8 | XK13: 47.8 | XL13: 47.8 | XM13: 47.8 | XN13: 47.8 | XO13: 47.8 | XP13: 47.8 | XQ13: 47.8 | XR13: 47.8 | XS13: 47.8 | XT13: 47.8 | XU13: 47.8 | XV13: 47.8 | XW13: 47.8 | XX13: 47.8 | XY13: 47.8 | XZ13: 47.8 | YA13: 47.8 | YB13: 47.8 | YC13: 47.8 | YD13: 47.8 | YE13: 47.8 | YF13: 47.8 | YG13: 47.8 | YH13: 47.8 | YI13: 47.8 | YJ13: 47.8 | YK13: 47.8 | YL13: 47.8 | YM13: 47.8 | YN13: 47.8 | YO13: 47.8 | YP13: 47.8 | ABB13: 35.8 | ABC13: 35.5 | ABD13: 34 | ABE13: 33 | ABF13: 33 | ABG13: 32.5 | ABH13: 32.5 | ABM13: 48 | ABN13: 50 | ABO13: 51 | ABP13: 51 | ABQ13: 49 | ABR13: 49 | ABS13: 48 | ABT13: 48 | ABU13: 48 | ABV13: 47.7 | ABW13: 47.7 | ABX13: 49 | ABY13: 49.8 | ABZ13: 52.8 | ACA13: 52.8 | ACB13: 51.8 | ACC13: 51.3 | ACD13: 49.3 | ACE13: 49.3 | ACF13: 49.3 | ACG13: 49.3 | ACH13: 49.3 | ACI13: 49.3 | ACJ13: 49.3 | ACK13: 49.3 | ACL13: 49.3 | ACM13: 49.3 | ACN13: 49.3 | ACO13: 49.3 | ACP13: 49.3 | ACQ13: 49.3 | ACR13: 49.3 | ACS13: 49.3 | ACT13: 49.3 | ACU13: 49.3 | ACV13: 49.3 | ACW13: 49.3 | ACX13: 49.3 | ACY13: 49.3 | ACZ13: 49.3 | ADA13: 49.3 | ADB13: 49.3 | ADC13: 49.3 | ADD13: 49.3 | ADE13: 49.3 | ADF13: 49.3 | ADG13: 49.3 | ADH13: 49.3 | ADI13: 49.3 | AHE13: 52.8 | AHF13: 35.5 | AHG13: 34.5 | AHH13: 34.5 | AHI13: 35.8 | AHJ13: 40.5 | AHK13: 40.5 | AHL13: 40.5 | AHM13: 45 | AHN13: 43.8 | AHO13: 42.8 | AHP13: 43.8 | AHQ13: 43.8 | AHR13: 43.8 | AHS13: 43.8 | AHT13: 43.8 | AHU13: 43.8 | AHV13: 43.8
A14: CHINA | B14: RDS CHINA DUCK DOWN 80/20 | C14: GREY | D14: 550 | E14: ALLIED | F14: 28 | G14: =F14+0.3 -> 28.3 | H14: 미사용 | AN14: 40.5 | AO14: 39.5 | AP14: 39.5 | AQ14: 39.5 | AR14: 39.5 | FT14: 45.5 | FU14: 42.5 | FV14: 42.5 | FW14: 41 | FX14: 41 | KZ14: 42.3 | LA14: 42.3 | LB14: 42.3 | LC14: 40.3 | LD14: 40.3 | ACB14: 41.8 | ACC14: 41.3 | ACE14: 40.3 | AID14: 37.3 | AIE14: 36.8 | AKP14: $39.7 120,000kg | AKS14: $40.0 10,000kg | AKT14: $38.0 50,000kg | AKX14: $39.5 65,000kg | AKY14: $41.71 | AKZ14: $39.5 9,000kg | ALA14: $39.5 5,000kg | ALB14: $41.3 15,000kg | ALC14: $41.3 30,000kg
A15: CHINA | B15: RDS CHINA DUCK DOWN 80/20 | C15: WHITE | D15: 550 | E15: ALLIED | F15: 30.4 | G15: =F15+0.3 -> 30.7 | AN15: 44.5 | AO15: 42.5 | AP15: 42.5 | AQ15: 42.5 | AR15: 42.5 | AS15: 42.5 | AT15: 42.5 | AU15: 42.5 | AV15: 42.5 | AW15: 42.5 | AX15: 42.5 | AY15: 42.5 | AZ15: 42.5 | BA15: 42.5 | BB15: 42.5 | BC15: 42.5 | BD15: 42.5 | BE15: 42.5 | BF15: 42.5 | BG15: 42.5 | BH15: 42.5 | BI15: 42.5 | BJ15: 42.5 | BK15: 42.5 | BL15: 42.5 | BM15: 42.5 | BN15: 42.5 | BO15: 42.5 | BP15: 42.5 | BQ15: 42.5 | BR15: 42.5 | BS15: 42.5 | BT15: 42.5 | BU15: 42.5 | BV15: 42.5 | BW15: 42.5 | BX15: 42.5 | BY15: 42.5 | BZ15: 42.5 | CA15: 42.5 | CB15: 42.5 | CC15: 42.5 | CD15: 42.5 | CE15: 42.5 | CF15: 42.5 | CG15: 42.5 | CH15: 42.5 | CI15: 42.5 | CJ15: 42.5 | CK15: 42.5 | CL15: 42.5 | CM15: 42.5 | CN15: 42.5 | CO15: 42.5 | CP15: 42.5 | CQ15: 42.5 | CR15: 42.5 | CS15: 42.5 | CT15: 42.5 | CU15: 42.5 | CV15: 42.5 | CW15: 42.5 | CX15: 42.5 | CY15: 42.5 | CZ15: 42.5 | DA15: 42.5 | DB15: 42.5 | DC15: 42.5 | DD15: 42.5 | DE15: 42.5 | DF15: 42.5 | DG15: 42.5 | DH15: 42.5 | FT15: 50.5 | FU15: 47.5 | FV15: 47.5 | FW15: 47.5 | FX15: 47.5 | FY15: 47.5 | FZ15: 47.5 | GA15: 47.5 | GB15: 47.5 | GC15: 47.5 | GD15: 47.5 | GE15: 47.5 | GF15: 47.5 | GG15: 47.5 | GH15: 47.5 | GI15: 47.5 | GJ15: 47.5 | GK15: 47.5 | GL15: 47.5 | GM15: 47.5 | GN15: 47.5 | GO15: 47.5 | GP15: 47.5 | GQ15: 47.5 | GR15: 47.5 | GS15: 47.5 | GT15: 47.5 | GU15: 47.5 | GV15: 47.5 | GW15: 47.5 | GX15: 47.5 | GY15: 47.5 | GZ15: 47.5 | HA15: 47.5 | HB15: 47.5 | HC15: 47.5 | HD15: 47.5 | HE15: 47.5 | HF15: 47.5 | HG15: 47.5 | HH15: 47.5 | HI15: 47.5 | HJ15: 47.5 | HK15: 47.5 | HL15: 47.5 | HM15: 47.5 | HN15: 47.5 | HO15: 47.5 | HP15: 47.5 | HQ15: 47.5 | HR15: 47.5 | HS15: 47.5 | HT15: 47.5 | HU15: 47.5 | HV15: 47.5 | HW15: 47.5 | HX15: 47.5 | HY15: 47.5 | HZ15: 47.5 | IA15: 47.5 | IB15: 47.5 | IC15: 47.5 | ID15: 47.5 | IE15: 47.5 | IF15: 47.5 | IG15: 47.5 | IH15: 47.5 | II15: 47.5 | IJ15: 47.5 | IK15: 47.5 | IL15: 47.5 | IM15: 47.5 | IN15: 47.5 | JH15: 47.5 | JV15: 47.5 | KZ15: 45.3 | LA15: 45.3 | LB15: 45.3 | LC15: 45.3 | LD15: 45.3 | LE15: 45.3 | LF15: 45.3 | LG15: 45.3 | LH15: 45.3 | LI15: 45.3 | LJ15: 45.3 | LK15: 45.3 | LL15: 45.3 | LM15: 45.3 | LN15: 45.3 | LO15: 45.3 | LP15: 45.3 | LQ15: 45.3 | LR15: 45.3 | LS15: 45.3 | LT15: 45.3 | LU15: 45.3 | LV15: 45.3 | LW15: 45.3 | LX15: 45.3 | LY15: 45.3 | LZ15: 45.3 | MA15: 45.3 | MB15: 45.3 | MC15: 45.3 | MD15: 45.3 | ME15: 45.3 | MF15: 45.3 | MG15: 45.3 | MH15: 45.3 | MI15: 45.3 | MJ15: 45.3 | MK15: 45.3 | ML15: 45.3 | MM15: 45.3 | MN15: 45.3 | MO15: 45.3 | MP15: 45.3 | MQ15: 45.3 | MR15: 45.3 | MS15: 45.3 | MT15: 45.3 | MU15: 45.3 | MV15: 45.3 | MW15: 45.3 | MX15: 45.3 | MY15: 45.3 | MZ15: 45.3 | NA15: 45.3 | NB15: 45.3 | NC15: 45.3 | ND15: 45.3 | NE15: 45.3 | NF15: 45.3 | NG15: 45.3 | NH15: 45.3 | NI15: 45.3 | NJ15: 45.3 | NK15: 45.3 | NL15: 45.3 | NM15: 45.3 | NN15: 45.3 | NO15: 45.3 | NP15: 45.3 | NQ15: 45.3 | NR15: 45.3 | NS15: 45.3 | NT15: 45.3 | ON15: 45.3 | PB15: 45.3 | ACB15: 45.8 | ACC15: 45.3 | AID15: 42.3 | AIE15: 41.8 | AIF15: 41.8 | AIG15: 41.8 | AIH15: 41.8 | AII15: 41.8 | AIJ15: 41.8 | AIK15: 41.8 | AIL15: 41.8 | AIM15: 41.8 | AIN15: 41.8 | AIO15: 41.8 | AIP15: 41.8 | AIQ15: 41.8 | AIR15: 41.8 | AIS15: 41.8 | AIT15: 41.8 | AIU15: 41.8 | AIV15: 41.8 | AIW15: 41.8 | AIX15: 41.8 | AIY15: 41.8 | AIZ15: 41.8 | AJA15: 41.8 | AJB15: 41.8 | AJT15: 41.8 | AJU15: 41.8 | AJV15: 41.8 | AJW15: 41.8 | AJX15: 41.8 | AJY15: 41.8 | AJZ15: 41.8 | AKA15: 41.8 | AKB15: 41.8 | AKC15: 41.8 | AKD15: 41.8 | AKE15: 41.8
A16: CHINA | B16: RDS CHINA DUCK DOWN 80/20 | C16: P/WHITE | D16: 550 | E16: ALLIED | F16: 33.5 | G16: =F16+0.3 -> 33.8 | AN16: 47.5 | AO16: 44.5 | AP16: 44.5 | AQ16: 44.5 | AR16: 44.5 | AS16: 44.5 | AT16: 44.5 | AU16: 44.5 | AV16: 44.5 | AW16: 44.5 | AX16: 44.5 | AY16: 44.5 | AZ16: 44.5 | BA16: 44.5 | BB16: 44.5 | BC16: 44.5 | BD16: 44.5 | BE16: 44.5 | BF16: 44.5 | BG16: 44.5 | BH16: 44.5 | BI16: 44.5 | BJ16: 44.5 | BK16: 44.5 | BL16: 44.5 | BM16: 44.5 | BN16: 44.5 | BO16: 44.5 | BP16: 44.5 | BQ16: 44.5 | BR16: 44.5 | BS16: 44.5 | BT16: 44.5 | BU16: 44.5 | BV16: 44.5 | BW16: 44.5 | BX16: 44.5 | BY16: 44.5 | BZ16: 44.5 | CA16: 44.5 | CB16: 44.5 | CC16: 44.5 | CD16: 44.5 | CE16: 44.5 | CF16: 44.5 | CG16: 44.5 | CH16: 44.5 | CI16: 44.5 | CJ16: 44.5 | CK16: 44.5 | CL16: 44.5 | CM16: 44.5 | CN16: 44.5 | CO16: 44.5 | CP16: 44.5 | CQ16: 44.5 | CR16: 44.5 | CS16: 44.5 | CT16: 44.5 | CU16: 44.5 | CV16: 44.5 | CW16: 44.5 | CX16: 44.5 | CY16: 44.5 | CZ16: 44.5 | DA16: 44.5 | DB16: 44.5 | DC16: 44.5 | DD16: 44.5 | DE16: 44.5 | DF16: 44.5 | DG16: 44.5 | DH16: 44.5 | KZ16: 47.3 | LA16: 47.3 | LB16: 47.3 | LC16: 47.3 | LD16: 47.3 | LE16: 47.3 | LF16: 47.3 | LG16: 47.3 | LH16: 47.3 | LI16: 47.3 | LJ16: 47.3 | LK16: 47.3 | LL16: 47.3 | LM16: 47.3 | LN16: 47.3 | LO16: 47.3 | LP16: 47.3 | LQ16: 47.3 | LR16: 47.3 | LS16: 47.3 | LT16: 47.3 | LU16: 47.3 | LV16: 47.3 | LW16: 47.3 | LX16: 47.3 | LY16: 47.3 | LZ16: 47.3 | MA16: 47.3 | MB16: 47.3 | MC16: 47.3 | MD16: 47.3 | ME16: 47.3 | MF16: 47.3 | MG16: 47.3 | MH16: 47.3 | MI16: 47.3 | MJ16: 47.3 | MK16: 47.3 | ML16: 47.3 | MM16: 47.3 | MN16: 47.3 | MO16: 47.3 | MP16: 47.3 | MQ16: 47.3 | MR16: 47.3 | MS16: 47.3 | MT16: 47.3 | MU16: 47.3 | MV16: 47.3 | MW16: 47.3 | MX16: 47.3 | MY16: 47.3 | MZ16: 47.3 | NA16: 47.3 | NB16: 47.3 | NC16: 47.3 | ND16: 47.3 | NE16: 47.3 | NF16: 47.3 | NG16: 47.3 | NH16: 47.3 | NI16: 47.3 | NJ16: 47.3 | NK16: 47.3 | NL16: 47.3 | NM16: 47.3 | NN16: 47.3 | NO16: 47.3 | NP16: 47.3 | NQ16: 47.3 | NR16: 47.3 | NS16: 47.3 | NT16: 47.3 | ON16: 47.3 | PB16: 47.3 | ACB16: 49.8 | ACC16: 49.3 | AID16: 47.3 | AIE16: 46.8 | AIF16: 46.8 | AIG16: 46.8 | AIH16: 46.8 | AII16: 46.8 | AIJ16: 46.8 | AIK16: 46.8 | AIL16: 46.8 | AIM16: 46.8 | AIN16: 46.8 | AIO16: 46.8 | AIP16: 46.8 | AIQ16: 46.8 | AIR16: 46.8 | AIS16: 46.8 | AIT16: 46.8 | AIU16: 46.8 | AIV16: 46.8 | AIW16: 46.8 | AIX16: 46.8 | AIY16: 46.8 | AIZ16: 46.8 | AJA16: 46.8 | AJB16: 46.8 | AJT16: 46.8 | AJU16: 46.8 | AJV16: 46.8 | AJW16: 46.8 | AJX16: 46.8 | AJY16: 46.8 | AJZ16: 46.8 | AKA16: 46.8 | AKB16: 46.8 | AKC16: 46.8 | AKD16: 46.8 | AKE16: 46.8
A17: CHINA | B17: RECYCLED 50% DOWN 80/20 | C17: GREY | D17: 600 | H17: 30 | I17: 38.5 | J17: 15000 | KV17: 44.5 | QB17: 52.9 | WT17: 38.5 | WU17: 38.5 | WV17: 38.5 | WW17: 38.5 | WX17: 38.5 | WY17: 38.5 | WZ17: 38.5 | XP17: 38 | XQ17: 38 | XR17: 38 | XS17: 38 | XT17: 38 | XU17: 38 | XV17: 37 | XW17: 37 | XX17: 37 | XY17: 37 | XZ17: 37 | YA17: 37 | YB17: 37 | YC17: 37 | YD17: 37 | YE17: 37 | YF17: 37 | YG17: 37 | YH17: 37 | YI17: 37 | YJ17: 37 | YK17: 37 | YL17: 37 | YM17: 37 | YN17: 37 | YO17: 37 | YP17: 37 | AKI17: =AVERAGE(WX17) -> 38.5 | AKJ17: =AVERAGE(WY17) -> 38.5 | AKK17: =AVERAGE(ABA17) -> #DIV/0! | AKL17: =AVERAGE(ABA17) -> #DIV/0!
A18: CHINA | B18: RECYCLED 50% DOWN 80/20 | C18: WHITE | D18: 600 | AKL18: =AVERAGE(ABA18) -> #DIV/0!
A19: CHINA | B19: RECYCLED 50% DOWN 80/20 | C19: P/WHITE | D19: 600 | AKL19: =AVERAGE(ABA19) -> #DIV/0!
A20: European | B20: European Goose Down 90/10 | C20: GREY | D20: 800 | BP20: 145.9 | BQ20: 119 | GU20: 우크라이나 | GV20: 108 | GW20: 108 | GX20: 108 | XZ20: 131.9 | YA20: 134.4 | ADD20: 140 | ADE20: 150 | AKE20: 115
A21: European | B21: European Goose Down 90/10 | C21: GREY | D21: 750 | BP21: 128.9 | BQ21: 114 | GU21: 우크라이나 | GV21: 106 | GW21: 106 | GX21: 106 | XZ21: 110.4 | YA21: 114 | AKE21: 106
A22: European | B22: European Goose Down 90/10 | C22: GREY | D22: 700 | BF22: $103 우크 10t | BG22: $102 우크 10t | BH22: $102 우크 10t | BI22: 95 | BJ22: 95 | BK22: 95 | BL22: 95 | BM22: 95 | BN22: 95 | GL22: $97 헝가리 | GM22: $97 헝가리 | GN22: $97 헝가리 | GO22: 98 | GP22: 98 | GQ22: 100 | GR22: 101 | GS22: 101 | GT22: 101 | GU22: 110 | GV22: 112 | GW22: 113 | GX22: 113 | LR22: $107 폴란드 | LS22: $101.5 폴란드 | LT22: $100 폴란드 | LU22: 100 | LV22: 100 | LW22: 100 | LX22: 100 | LY22: 100 | LZ22: 110 | MA22: 110 | MB22: 113 | MC22: 113 | MD22: 113 | QY22: 92.1 | QZ22: 92.42 | RA22: 92.1 | RB22: 93.83 | RC22: 96.53 | RD22: 96.53 | RE22: 96.53 | RF22: 107.3 | RG22: 114.2 | RH22: 114.2 | RI22: 115.5 | XQ22: 101.4 | XR22: 101.4 | XS22: 101.4 | XT22: 98.9 | XU22: 98.9 | XV22: 98.9 | XW22: 100.1 | XX22: 100.1 | XY22: 98.3 | ACT22: $105 우크,시베리아 | ACU22: $105 우크,시베리아 | ACV22: $105 우크,시베리아 | ACW22: 102 | ACX22: 102 | ACY22: 100 | ACZ22: 100 | ADA22: 100 | ADB22: 100 | ADC22: 105 | ADD22: 115 | ADE22: 120 | AJX22: 90 | AJY22: 90 | AJZ22: 90 | AKA22: 90 | AKB22: 91 | AKC22: 97.5 | AKD22: 97.5
A23: European | B23: European Goose Down 90/10 | C23: WHITE | D23: 700
A24: European | B24: European Goose Down 90/10 | C24: P/WHITE | D24: 700
A25: European | B25: European Goose Down 80/20 | C25: GREY | D25: 700 | BF25: $99.5 우크 10t | BG25: $99 우크 10t | BH25: $99 우크 10t | BI25: 83.5 | BJ25: 83.5 | BK25: 83.5 | BL25: 83.5 | BM25: 83.5 | BN25: 83.5 | GL25: $83 헝가리 | GM25: $83 헝가리 | GN25: $83 헝가리 | GO25: 84 | GP25: 84 | GQ25: 86 | GR25: 87 | GS25: 87 | GT25: 87 | GU25: 96 | GV25: 98 | GW25: 99 | GX25: 99 | LR25: $97 폴란드 | LS25: $93 폴란드 | LT25: $93 폴란드 | LU25: 93 | LV25: 93 | LW25: 93 | LX25: 93 | LY25: 93 | LZ25: 93 | MA25: 93 | MB25: 82 | MC25: 90 | MD25: 90 | QY25: 82.5 | QZ25: 82.92 | RA25: 82.5 | RB25: 84.23 | RC25: 87.7 | RD25: 87.7 | RE25: 87.7 | RF25: 98.7 | RG25: 104.9 | RH25: 104.9 | RI25: 102.4 | XQ25: 81.6 | XR25: 81.6 | XS25: 81.6 | XT25: 80.5 | XU25: 80.5 | XV25: 79.3 | XW25: 79.3 | XX25: 79.3 | XY25: 79.3 | XZ25: 79.3 | YA25: 81.6 | ACT25: $92.5 우크,시베리아 | ACU25: $92.5 우크,시베리아 | ACV25: $92.5 우크,시베리아 | ACW25: 89 | ACX25: 89 | ACY25: 88 | ACZ25: 88 | ADA25: 88 | ADB25: 88 | ADC25: 93 | ADD25: 98 | ADE25: 99 | AJX25: 78 | AJY25: 78 | AJZ25: 78 | AKA25: 78 | AKB25: 78 | AKC25: 78.5 | AKD25: 78.5 | AKE25: 78
A26: European | B26: European Goose Down 80/10 | C26: WHITE | D26: 700
A27: European | B27: European Goose Down 80/10 | C27: P/WHITE | D27: 700
A28: CHINA | B28: RDS CHINA DUCK RECYCLE DOWN 80/20 | C28: GREY | D28: 600 | E28: ALLIED | F28: 28 | G28: =F28+0.3 -> 28.3 | H28: 28.3 | I28: 39.3 | J28: 5000 | L28: 27 | M28: 30 | N28: 34.5 | O28: 31.5 | P28: 27.2 | Q28: 28 | R28: 28 | S28: 30 | T28: 40.9 | U28: 45 | V28: 45 | W28: 46 | X28: 40 | Y28: 36 | Z28: 36.5 | AA28: 39 | AB28: 44 | AC28: 42 | AF28: 41 | AG28: 41 | AH28: 39.5 | AI28: 40 | AJ28: 41 | AK28: 43.5 | AL28: 43.5 | AM28: 47.3 | AN28: 41.5 | AO28: 40.5 | AP28: 40.5 | AQ28: 40.5 | AR28: 40.5 | AS28: 37.5 | AT28: 40 | AU28: 40 | AV28: 40 | AW28: 40 | AX28: 39 | AY28: 39 | AZ28: 38.5 | BA28: 41.5 | BB28: 41.5 | BC28: 41.5 | BD28: 41.5 | BE28: 39 | BF28: 38.5 | BG28: 37.5 | BH28: 36.9 | BI28: 35.5 | BJ28: 35.5 | BK28: 35.5 | BL28: 35.5 | BM28: 35.5 | BN28: 35.5 | BO28: 36.5 | BP28: 38.5 | BQ28: 37.5 | BR28: 35.5 | BS28: 35 | BT28: 34.5 | BU28: 34.5 | BV28: 34 | BW28: 34.5 | BX28: 34.5 | BY28: 34.5 | BZ28: 34 | CA28: 34 | CB28: 34 | CC28: 34 | YO28: 37 | YP28: 37 | YQ28: 37 | YR28: 37 | YS28: 37 | YT28: 37 | YU28: 37 | YV28: 37 | YW28: 37 | YX28: 37 | YY28: 37 | YZ28: 37 | ZA28: 37 | ZB28: 37 | ZC28: 37 | ZD28: 37 | ZE28: 37 | ZF28: 37 | ZG28: 37 | ZH28: 37 | ZI28: 37 | ZJ28: 37 | ZK28: 37 | ZL28: 37 | ZM28: 37 | AJT28: 37 | AJU28: 36 | AJV28: 35.5 | AJW28: 34 | AJX28: 33 | AJY28: 33 | AJZ28: 33 | AKA28: 33 | AKB28: 34 | AKC28: 34 | AKD28: 34 | AKE28: 34 | AKG28: =AVERAGE(EP28,JV28,PB28,ABA28,#REF!) -> #REF! | AKI28: =AVERAGE(FS28,KY28,QE28,ACA28) -> #DIV/0! | AKJ28: =AVERAGE(AN28,KZ28,QF28,ACB28) -> 41.5 | AKK28: =AVERAGE(PB22,UH28,ABA28,#REF!) -> #REF! | AKL28: =AVERAGE(EP28,JV28,ABA28) -> #DIV/0! | AKO28: =AVERAGE(AJA28,ACX28,XU28,AKE28,LV28,BJ28) -> 34.75 | AKU28: $39.5 10,000kg | AKW28: WH $73.0 50,000kg | ALE28: =AVERAGE(EP28,JV28,PB28,UH28,ABA28,#REF!) -> #REF! | ALF28: =AVERAGE(EP28,JV28,PB28,UH28,ABA28,#REF!) -> #REF!
A29: European | B29: RDS European Goose Down 90/10 | C29: GREY | D29: 900 | H29: 55 | I29: 64 | J29: 15000 | P29: 57 | CF29: 184 | KD29: 69 | MB29: 80 | MC29: 88 | MD29: 88 | RC29: 79.07 | RD29: 79.07 | WB29: 59.5 | WC29: 59.5 | WD29: 59.5 | WE29: 60.5 | WF29: 60.5 | XU29: 75.9 | XV29: 75.9 | XW29: 75.9 | XX29: 75.9 | XY29: 72.6 | XZ29: 72.6 | YA29: 78.1
A30: European | B30: RDS European Goose Down 90/10 | C30: GREY | D30: 800 | H30: 55 | I30: 64 | J30: 15000 | P30: 57 | CI30: 175 | CJ30: 175 | CK30: 175 | CL30: 175 | CM30: 175 | CN30: 175 | CO30: 175 | CP30: 175 | CQ30: 175 | CR30: 175 | CS30: 175 | CT30: 175 | CU30: 175 | CV30: 175 | CW30: 175 | CX30: 175 | CY30: 175 | CZ30: 175 | DA30: 175 | DB30: 175 | DC30: 175 | DD30: 175 | DE30: 175 | DF30: 175 | DG30: 175 | DH30: 175 | HO30: $126.5 GREY ONLY | HP30: $126.5 GREY ONLY | HQ30: $126.5 GREY ONLY | HR30: $126.5 GREY ONLY | HS30: $126.5 GREY ONLY | HT30: $126.5 GREY ONLY | HU30: $126.5 GREY ONLY | HV30: $126.5 GREY ONLY | HW30: $126.5 GREY ONLY | HX30: $126.5 GREY ONLY | HY30: $126.5 GREY ONLY | HZ30: $126.5 GREY ONLY | IA30: $126.5 GREY ONLY | IB30: $126.5 GREY ONLY | IC30: $126.5 GREY ONLY | ID30: $126.5 GREY ONLY | IE30: $126.5 GREY ONLY | IF30: $126.5 GREY ONLY | IG30: $126.5 GREY ONLY | IH30: $126.5 GREY ONLY | II30: $126.5 GREY ONLY | IJ30: $126.5 GREY ONLY | IK30: $126.5 GREY ONLY | IL30: $126.5 GREY ONLY | IM30: $126.5 GREY ONLY | IN30: $126.5 GREY ONLY | JH30: $126.5 GREY ONLY | JV30: $126.5 GREY ONLY | KD30: 69 | MB30: 80 | MC30: 88 | MD30: 88 | RC30: 79.07 | RD30: 79.07 | WB30: 59.5 | WC30: 59.5 | WD30: 59.5 | WE30: 60.5 | WF30: 60.5 | XU30: 75.9 | XV30: 75.9 | XW30: 75.9 | XX30: 75.9 | XY30: 72.6 | XZ30: 72.6 | YA30: 78.1 | YT30: 126.9 | YU30: 126.9 | YV30: 126.9 | YW30: 126.9 | YX30: 126.9 | YY30: 126.9 | YZ30: 126.9 | ZA30: 126.9 | ZB30: 126.9 | ZC30: 126.9 | ZD30: 126.9 | ZE30: 126.9 | ZF30: 126.9 | ZG30: 126.9 | ZH30: 126.9 | ZI30: 126.9 | ZJ30: 126.9 | ZK30: 126.9 | ZL30: 126.9 | ZM30: 126.9 | ADR30: 155 | ADS30: 140 | ADT30: 140 | ADU30: 145 | ADV30: 145 | ADW30: 159 | ADX30: 159 | ADY30: 159 | ADZ30: 159 | AEA30: 159 | AEB30: 159 | AEC30: 159 | AED30: 159 | AEE30: 159 | AEF30: 159 | AEG30: 159 | AEH30: 159 | AEI30: 159 | AEJ30: 159 | AEK30: 159 | AEL30: 159 | AEM30: 159 | AEN30: 159 | AEO30: 159 | AEP30: 159 | AEQ30: 159 | AFQ30: 159 | AFR30: 159 | AFS30: 159 | AFT30: 159 | AFU30: 159 | ALU30: 159
A31: European | B31: RDS European Goose Down 80/20 | C31: GREY | D31: 800 | H31: 55 | I31: 64 | J31: 15000 | P31: 57 | CF31: 159 | KD31: 69 | MB31: 80 | MC31: 88 | MD31: 88 | RC31: 79.07 | RD31: 79.07 | WB31: 59.5 | WC31: 59.5 | WD31: 59.5 | WE31: 60.5 | WF31: 60.5 | XU31: 75.9 | XV31: 75.9 | XW31: 75.9 | XX31: 75.9 | XY31: 72.6 | XZ31: 72.6 | YA31: 78.1
A32: European | B32: RDS European Goose Down 80/20 | C32: GREY | D32: 700 | CI32: 123 | CJ32: 149 | CK32: 149 | CL32: 149 | CM32: 149 | CN32: 149 | CO32: 149 | CP32: 149 | CQ32: 149 | CR32: 149 | CS32: 149 | CT32: 149 | CU32: 149 | CV32: 149 | CW32: 149 | CX32: 149 | CY32: 149 | CZ32: 149 | DA32: 149 | DB32: 149 | DC32: 149 | DD32: 149 | DE32: 149 | DF32: 149 | DG32: 149 | DH32: 149 | HO32: $78.0 GREY ONLY | HP32: $78.0 GREY ONLY | HQ32: $78.0 GREY ONLY | HR32: $78.0 GREY ONLY | HS32: $78.0 GREY ONLY | HT32: $78.0 GREY ONLY | HU32: $78.0 GREY ONLY | HV32: $78.0 GREY ONLY | HW32: $78.0 GREY ONLY | HX32: $78.0 GREY ONLY | HY32: $78.0 GREY ONLY | HZ32: $78.0 GREY ONLY | IA32: $78.0 GREY ONLY | IB32: $78.0 GREY ONLY | IC32: $78.0 GREY ONLY | ID32: $78.0 GREY ONLY | IE32: $78.0 GREY ONLY | IF32: $78.0 GREY ONLY | IG32: $78.0 GREY ONLY | IH32: $78.0 GREY ONLY | II32: $78.0 GREY ONLY | IJ32: $78.0 GREY ONLY | IK32: $78.0 GREY ONLY | IL32: $78.0 GREY ONLY | IM32: $78.0 GREY ONLY | IN32: $78.0 GREY ONLY | JH32: $78.0 GREY ONLY | JV32: $78.0 GREY ONLY | SA32: 132.5 | SB32: 137.7 | SC32: 137.7 | SD32: 137.7 | SE32: 137.7 | SF32: 137.7 | SG32: 137.7 | SH32: 137.7 | SI32: 137.7 | SJ32: 137.7 | SK32: 137.7 | SL32: 137.7 | SM32: 137.7 | SN32: 137.7 | SO32: 137.7 | YT32: 81.2 | YU32: 89.6 | YV32: 89.6 | YW32: 89.6 | YX32: 89.6 | YY32: 89.6 | YZ32: 89.6 | ZA32: 89.6 | ZB32: 89.6 | ZC32: 89.6 | ZD32: 89.6 | ZE32: 89.6 | ZF32: 89.6 | ZG32: 89.6 | ZH32: 89.6 | ZI32: 89.6 | ZJ32: 89.6 | ZK32: 89.6 | ZL32: 89.6 | ZM32: 89.6 | ADW32: 104 | ADX32: 104 | ADY32: 104 | ADZ32: 104 | AEA32: 104 | AEB32: 104 | AEC32: 104 | AED32: 104 | AEE32: 104 | AEF32: 104 | AEG32: 104 | AEH32: 104 | AEI32: 104 | AEJ32: 104 | AEK32: 104 | AEL32: 104 | AEM32: 104 | AEN32: 104 | AEO32: 104 | AEP32: 104 | AEQ32: 104 | AFQ32: 104 | AFR32: 104 | AFS32: 104 | AFT32: 104 | AFU32: 104 | ALU32: 104
A33: European | B33: RDS European Goose Down 80/20 | C33: GREY | D33: 650 | H33: 55 | I33: 64 | J33: 15000 | P33: 57 | DB33: 113 | DC33: 112 | DD33: 112 | DE33: 112 | DF33: 112 | DG33: 112 | DH33: 112 | IC33: 130 | ID33: 130 | IE33: 130 | IF33: 130 | IG33: 130 | IH33: 106.5 | II33: 102 | IJ33: 105 | IK33: 105 | IL33: 105 | IM33: 105 | IN33: 105 | JH33: 105 | JV33: 105 | KD33: 69 | MB33: 80 | MC33: 88 | MD33: 88 | NI33: 124 | NJ33: 124 | NK33: 124 | NL33: 119 | NM33: 115 | NN33: 107 | NO33: 99 | NP33: 115 | RC33: 79.07 | RD33: 79.07 | SP33: 153.23 | SQ33: 138.7 | SR33: 138.7 | SS33: 102.08 | ST33: 126.07 | WB33: 59.5 | WC33: 59.5 | WD33: 59.5 | WE33: 60.5 | WF33: 60.5 | XU33: 75.9 | XV33: 75.9 | XW33: 75.9 | XX33: 75.9 | XY33: 72.6 | XZ33: 72.6 | YA33: 78.1 | ZH33: 152 | ZI33: 152 | ZJ33: 140.36 | ZK33: 140.36 | ZL33: 140.36 | ZM33: 118 | AEK33: 131 | AEL33: 131 | AEM33: 131 | AEN33: 131 | AEO33: 128 | AJX33: 72 | AJY33: 72 | AJZ33: 72 | AKA33: 72 | AKB33: 72 | AKC33: 77.5 | AKD33: 77.5 | AKE33: 76 | AKI33: =AVERAGE(#REF!) -> #REF! | AKJ33: =AVERAGE(#REF!) -> #REF! | AKK33: =AVERAGE(#REF!) -> #REF! | AKL33: =AVERAGE(#REF!) -> #REF! | ALD33: $75.xx
A34: European | B34: RDS European Goose Down 80/20 | C34: WHITE | D34: 650 | P34: 72 | KD34: 72 | WB34: 69.5 | WC34: 69.5 | WD34: 69.5 | WE34: 70.5 | WF34: 70.5 | AKL34: =AVERAGE(#REF!) -> #REF!
A35: European | B35: RDS European Goose Down 80/20 | C35: P/WHITE | D35: 650 | KD35: 75 | WB35: 79.5 | WC35: 79.5 | WD35: 79.5 | WE35: 80.5 | WF35: 80.5 | AKL35: =AVERAGE(#REF!) -> #REF!
A36: European | B36: RDS European Duck Down 80/20 | C36: GREY | D36: 650 | H36: 29.8 | I36: 42.5 | J36: 15000 | CW36: 59 | CX36: 62 | CY36: 64 | CZ36: 64 | DA36: 61 | DB36: 53 | DC36: 48 | DD36: 50 | DE36: 50 | DF36: 50 | DG36: 50 | DH36: 50 | IC36: 61 | ID36: 61 | IE36: 61 | IF36: 61 | IG36: 61 | IH36: 58 | II36: 51.5 | IJ36: 52.5 | IK36: 52.5 | IL36: 52.5 | IM36: 52.5 | IN36: 52.5 | JH36: 52.5 | JV36: 52.5 | NI36: 60 | NJ36: 60 | NK36: 60 | NL36: 57 | NM36: 58 | NN36: 58 | NO36: 53 | NP36: 53 | NQ36: 50 | NR36: 50 | NS36: 50 | NT36: 50 | ON36: 50 | PB36: 50 | WB36: 35.5 | WC36: 35.5 | WD36: 35.5 | WE36: 35.5 | WF36: 35.5 | ZH36: 67 | ZI36: 67 | ZJ36: 70 | ZK36: 70 | ZL36: 70 | ZM36: 65 | AEK36: 59.5 | AEL36: 61 | AEM36: 61 | AEN36: 61 | AEO36: 60 | AKI36: =AVERAGE(#REF!) -> #REF! | AKJ36: =AVERAGE(#REF!) -> #REF! | AKK36: =AVERAGE(#REF!) -> #REF! | AKL36: =AVERAGE(#REF!) -> #REF!
A37: European | B37: RDS European Duck Down 80/20 | C37: WHITE | D37: 650 | WB37: 48 | WC37: 48 | WD37: 48 | WE37: 48 | WF37: 48
A38: European | B38: RDS European Duck Down 80/20 | C38: P/WHITE | D38: 650
A39: VIETNAM | B39: CHINA DUCK DOWN 90/10 | C39: GREY | D39: 650 | AHG39: 35.5 | AHH39: 33 | AHI39: 34.8 | AHJ39: 40.5 | AHK39: 40.5 | AHL39: 40.5 | AHM39: 49 | AHN39: 49 | AHO39: 49
A40: VIETNAM | B40: CHINA DUCK DOWN 90/10 | C40: WHITE | D40: 650 | AHG40: 39.5 | AHH40: 38.5 | AHI40: 39.8 | AHJ40: 46.5 | AHK40: 46.5 | AHL40: 46.5 | AHM40: 53 | AHN40: 53 | AHO40: 53
A41: VIETNAM | B41: CHINA DUCK DOWN 90/10 | C41: P/WHITE | D41: 650
A42: VIETNAM | B42: CHINA DUCK DOWN 80/20 | C42: GREY | D42: 600 | AHG42: 28 | AHH42: 25 | AHI42: 26.8 | AHJ42: 31.5 | AHK42: 32.5 | AHL42: 32.5 | AHM42: 36 | AHN42: 36 | AHO42: 36
A43: VIETNAM | B43: CHINA DUCK DOWN 80/20 | C43: WHITE | D43: 600 | AHG43: 32 | AHH43: 30.5 | AHI43: 31.8 | AHJ43: 37.5 | AHK43: 38 | AHL43: 38 | AHM43: 41 | AHN43: 41 | AHO43: 41
A44: VIETNAM | B44: CHINA DUCK DOWN 80/20 | C44: P/WHITE | D44: 600
A45: TTL | E45: 5 | J45: =SUM(J10:J44) -> 150000
A47: 22SS 다운 충전재 예상 소요량
A48: BRAND | B48: Commodity & Description | C48: COLOR | D48: F.P | H48: 사용 예정량 (KG) | I48: 사용 예정량 (KG)
A49: K2 | B49: RDS CHINA GOOSE DOWN 80/20 | C49: GREY | D49: 650 | H49: 2000 | I49: 2000
A50: EIDER | B50: RDS CHINA GOOSE DOWN 80/20 | C50: GREY | D50: 650 | H50: 1595 | I50: 1595
A51: 계
A53: 22SS 예상소요량 진행 사양별 업체 요약
A54: 업체 | B54: Commodity & Description | C54: COLOR | D54: F.P | H54: 단가 (KG) | I54: 단가 (KG)
A55: PCK | B55: RDS CHINA GOOSE DOWN 80/20 | C55: WH | D55: 650 | H55: 59 | I55: 59
A56: 다음앤큐큐 | B56: RDS CHINA DUCK DOWN 80/20 | C56: GREY | D56: 600 | H56: 40 | I56: 40
A58: European | B58: FRANCE DUCK 80:20 | C58: GREY | D58: 650 | K58: 업체명 | L58: 44146 | M58: 44154 | N58: 44162 | O58: 44169 | P58: 44172 | Q58: 44188 | R58: 44211 | S58: 44229 | T58: 44250 | U58: 44273 | V58: 44300 | W58: 44314 | X58: 44356 | Y58: 44370 | Z58: 44389 | AA58: 44412 | AB58: 44426 | AC58: 44455 | AD58: 44468 | AE58: 44476 | AF58: 44491 | AG58: 44498 | AH58: 44508 | AI58: 44518 | AJ58: 44530 | AK58: 44539 | AL58: 44557 | AM58: 44574 | IC58: 60 | ID58: 60 | IE58: 61 | IF58: 61 | IG58: 61 | NI58: 62 | NJ58: 62 | NK58: 62 | NL58: 60 | NM58: 58 | NN58: 58 | SR58: 67.4 | SS58: 67.4
C59: GREY | D59: 700 | K59: PCK | L59: 74 | M59: 54 | N59: 50.9 | O59: 55 | P59: 55 | Q59: 57 | R59: 67.85 | S59: 70 | T59: 70 | U59: 73 | V59: 59 | W59: 63.5 | X59: 63 | Y59: 66 | Z59: 67.5 | AA59: 65 | AB59: 68.5 | AC59: 68.5 | AD59: 64 | AE59: 67 | AF59: 67 | AG59: 68 | AH59: 70 | AI59: 70.5 | AJ59: 70.5 | AK59: 72.5 | AL59: 67.5 | AM59: 67.5 | CW59: 65 | CX59: 68 | CY59: 70 | CZ59: 69 | DA59: 67 | IC59: 63 | ID59: 63 | IE59: 64 | IF59: 64 | IG59: 63 | NI59: 68 | NJ59: 68 | NK59: 68 | NL59: 66 | NM59: 64 | NN59: 64 | SR59: 74.8 | SS59: 74.8 | AEK59: 69.5 | AEL59: 72 | AEM59: 72 | AEN59: 70 | AEO59: 70
A60: CHINA | B60: MOSCOVY DUCK 80:20 | C60: GREY | D60: 650 | K60: 광륭 | L60: 62 | M60: 61 | N60: 54 | O60: 53.5 | P60: 53.5 | Q60: 62 | R60: 66 | S60: 75 | T60: 66 | U60: 65 | V60: 66.5 | W60: 59.5 | X60: 66 | Y60: 66 | Z60: 66 | AA60: 66 | AB60: 66 | AC60: 66 | AD60: 69 | AE60: 69 | AF60: 69 | AG60: 69 | AH60: 69.5 | AI60: 70 | AJ60: 71.5 | AK60: 71.5 | AL60: 71.5 | AM60: 70.5 | IC60: 58.5 | ID60: 58.5 | IE60: 59.5 | IF60: 59.5 | IG60: 56 | NI60: 56.5 | NJ60: 56.5 | NK60: 56.5 | NL60: 54.5 | NM60: 54.5 | NN60: 53 | AMN60: 46018
C61: GREY | D61: 700 | K61: 다음앤큐큐 | L61: 55 | M61: 55 | N61: 54.2 | O61: 53.5 | P61: 53.5 | Q61: 52.5 | R61: 65 | S61: 65 | T61: 67 | U61: 69.5 | V61: 65 | W61: 59 | X61: 61 | Y61: 62 | Z61: 64 | AA61: 63 | AB61: 63 | AC61: 63 | AD61: 64 | AE61: 64 | AF61: 66 | AG61: 66 | AH61: 66 | AI61: 67.3 | AJ61: 69.3 | AK61: 69.3 | AL61: 67.3 | AM61: 67.3 | CW61: 73 | CX61: 76 | CY61: 78 | CZ61: 77 | DA61: 75 | DB61: 69 | DC61: 59 | DD61: 61 | DE61: 61 | DF61: 61 | DG61: 61 | DH61: 61 | IC61: 61.5 | ID61: 62.5 | IE61: 63.5 | IF61: 63.5 | IG61: 57.5 | IH61: 57.5 | II61: 54 | IJ61: 57 | IK61: 57 | IL61: 57 | IM61: 57 | IN61: 57 | JH61: 57 | JV61: 57 | NI61: 62.5 | NJ61: 62.5 | NK61: 62.5 | NL61: 60.5 | NM61: 60.5 | NN61: 58 | NO61: 55.3 | NP61: 56.3 | ZH61: 70 | ZI61: 70 | ZJ61: 68 | ZK61: 68 | ZL61: 68 | ZM61: 68 | ZN61: 58 | ZO61: 58 | ZP61: 58 | ZQ61: 58 | ZR61: 58 | ZS61: 58 | AAM61: 58 | ABA61: 58 | AEK61: 67 | AEL61: 69 | AEM61: 69 | AEN61: 68 | AEO61: 68 | AEP61: 61.3 | AEQ61: 56.3 | AFQ61: 57.3 | AFR61: 57.3 | AFS61: 57.3 | AFT61: 57.3 | AFU61: 57.3 | ALU61: 57.3 | AMN61: =AVERAGE(AFQ61,ZO61,SV61,NP61,IJ61,DD61) -> 57.92 | AMO61: =AVERAGE(#REF!,ABA61,UH61,PB61,JV61,EP61) -> #REF!
A62: CHINA | B62: RECYCLE DUCK 80:20 | C62: GREY | D62: 600 | K62: 얼라이드 | L62: 55.4 | M62: 58.8 | N62: 55.4 | O62: 59 | P62: 59 | Q62: 64.4 | R62: 72.5 | X62: 73.7 | Y62: 73.7 | Z62: 72.7 | AA62: 71.8 | AB62: 71.8 | AC62: 69.9 | AD62: 67.1 | AE62: 67.1 | AF62: 67.1 | AG62: 67.1 | AH62: 68.9 | AI62: 73.2 | AJ62: 73.2 | AK62: 73.2 | AL62: 68.6 | AM62: 68.6 | CW62: 57 | CX62: 60 | CY62: 62 | CZ62: 61 | DA62: 60 | DE62: 44 | DF62: 44 | DG62: 44 | DH62: 44 | IC62: 55 | ID62: 58 | IE62: 58 | IF62: 58 | IG62: 55 | NI62: 51 | NJ62: 53.5 | NK62: 53.5 | NL62: 52.5 | NM62: 51.5 | NN62: 48.5 | NO62: 43.5 | NP62: 45.5 | SP62: 60.7 | SQ62: 65.3 | SR62: 65.3 | SS62: 65.3 | ZH62: 58 | ZI62: 58 | ZJ62: 55 | ZK62: 53 | ZL62: 52 | ZM62: 52 | ZN62: 52 | ZO62: 52 | ZP62: 52 | ZQ62: 52 | ZR62: 52 | ZS62: 52 | AAM62: 52 | ABA62: 52 | AEK62: 57 | AEL62: 57 | AEM62: 57 | AEN62: 56.5 | AEO62: 54
B63: 헝가리 90:10 800 FP | K63: 태평양물산 | L63: 55 | M63: 55 | N63: 55 | O63: 53.5 | P63: 53.5 | Q63: 53 | R63: 57 | S63: 59 | T63: 64 | U63: 62 | V63: 68 | W63: 68 | X63: 79.5 | Y63: 79.5 | Z63: 79.5 | AC63: 73.8 | AD63: 73.8 | AE63: 73.8 | AF63: 71 | AG63: 74.5 | AH63: 73.5 | AI63: 73.8 | AJ63: 73.8 | AK63: 72.3 | AL63: 72.3 | AM63: 72.3 | CY63: 171.5 | IE63: X | NK63: X | SQ63: 215.5 | SR63: 196 | SS63: 196 | ST63: 196 | SU63: 196 | SV63: 196 | SW63: 196 | SX63: 196 | SY63: 196 | SZ63: 196 | TT63: 196 | UH63: 196 | ZJ63: 212.64 | ZK63: 212.64 | ZL63: 212.64 | ZM63: 212.64 | ZN63: 212.64 | ZO63: 212.64 | ZP63: 212.64 | ZQ63: 212.64 | ZR63: 212.64 | ZS63: 212.64 | AAM63: 212.64 | ABA63: 212.64 | AEM63: X | AEN63: X | AEO63: X | AEP63: X | AEQ63: X | AFQ63: X | AFR63: X | AFS63: X | AFT63: X | AFU63: X | ALU63: X
K64: 신주원 | L64: 58.5 | M64: 57 | N64: 56 | O64: 55 | P64: 55 | Q64: 53 | R64: 53 | U64: 62.5 | V64: 62.5 | W64: 59.5 | X64: 64 | Y64: 66 | Z64: 66 | AA64: 64 | AB64: 64 | AC64: 65 | AD64: 65 | AE64: 65.5 | AF64: 64 | AG64: 64 | AH64: 66.5 | AI64: 67.3 | AJ64: 69.8 | AK64: 69.8 | AL64: 68.8 | AM64: 68.3 | CY64: 182 | NK64: 170 | SQ64: 222.9 | SR64: 198.4 | SS64: 198.4 | ST64: 198.4 | SU64: 198.4 | SV64: 198.4 | SW64: 198.4 | SX64: 198.4 | SY64: 198.4 | SZ64: 198.4 | TT64: 198.4 | UH64: 198.4 | ZJ64: 224.64 | ZK64: 224.64 | ZL64: 224.64 | ZM64: 224.64 | ZN64: 224.64 | ZO64: 224.64 | ZP64: 224.64 | ZQ64: 224.64 | ZR64: 224.64 | ZS64: 224.64 | AAM64: 224.64 | ABA64: 224.64
K65: RDS CHINA GOOSE DOWN 80/20 GREY 650FP+ | L65: =AVERAGE(L59:L64) -> 59.983333 | M65: =AVERAGE(M59:M64) -> 56.8 | N65: =AVERAGE(N59:N64) -> 54.25 | O65: =AVERAGE(O59:O64) -> 54.916667 | P65: =AVERAGE(P59:P64) -> 54.916667 | Q65: =AVERAGE(Q59:Q64) -> 56.983333 | R65: =AVERAGE(R59:R64) -> 63.558333 | S65: =AVERAGE(S59:S64) -> 67.25 | ... AM65: =AVERAGE(AM59:AM64) -> 69.083333 | NK65: 175 | SQ65: 227.8 | SR65: 205.8 | SS65: 205.8 | ST65: 205.8 | SU65: 205.8 | SV65: 205.8 | SW65: 205.8 | SX65: 205.8 | SY65: 205.8 | SZ65: 205.8 | TT65: 205.8 | UH65: 205.8 | ZJ65: 234.24 | ZK65: 234.24 | ZL65: 234.24 | ZM65: 234.24 | ZN65: 234.24 | ZO65: 234.24 | ZP65: 234.24 | ZQ65: 234.24 | ZR65: 234.24 | ZS65: 234.24 | AAM65: 234.24 | ABA65: 234.24
K68: 업체명 | L68: 44146 | M68: 44154 | N68: 44162 | O68: 44169 | P68: 44172 | Q68: 44188 | R68: 44211 | S68: 44229 | T68: 44250 | U68: 44273 | V68: 44300 | W68: 44314 | X68: 44356 | Y68: 44370 | Z68: 44389 | AA68: 44412 | AB68: 44426 | AC68: 44455 | AD68: 44468 | AE68: 44476 | AF68: 44491 | AG68: 44498 | AH68: 44508 | AI68: 44518 | AJ68: 44530 | AK68: 44539 | AL68: 44557 | AM68: 44574
K69: PCK | L69: 34.5 | M69: 31.5 | N69: 27.2 | O69: 28 | P69: 28 | Q69: 30 | R69: 40.9 | S69: 45 | T69: 45 | U69: 46 | V69: 40 | W69: 36 | X69: 36.5 | Y69: 39 | Z69: 44 | AA69: 42 | AD69: 41 | AE69: 41 | AF69: 39.5 | AG69: 40 | AH69: 41 | AI69: 43.5 | AJ69: 43.5 | AK69: 47.3 | AL69: 41.5 | AM69: 40.5
K70: 광륭 | L70: 39 | M70: 39 | N70: 30 | O70: 30 | P70: 30 | Q70: 35 | R70: 42 | S70: 53.5 | T70: 50 | U70: 48 | V70: 50.5 | W70: 49 | X70: 52 | Y70: 50 | Z70: 50 | AA70: 48.5 | AB70: 47.5 | AC70: 52 | AD70: 52 | AE70: 52 | AF70: 47 | AG70: 48 | AH70: 48 | AI70: 49.5 | AJ70: 49.5 | AK70: 48.5 | AL70: 46.5 | AM70: 43.5
K71: 다음앤큐큐 | L71: 29.5 | M71: 28.7 | N71: 27.7 | O71: 27.7 | P71: 27.2 | Q71: 27.2 | R71: 43 | S71: 39 | T71: 41 | U71: 44 | V71: 39 | W71: 37 | X71: 38 | Y71: 41 | Z71: 44 | AA71: 42 | AB71: 42 | AC71: 42 | AD71: 42 | AE71: 42 | AF71: 42 | AG71: 40 | AH71: 44 | AI71: 45.3 | AJ71: 47.3 | AK71: 47.3 | AL71: 43.3 | AM71: 43.3
K72: 얼라이드 | L72: 29.8 | M72: 28.6 | N72: 26.8 | O72: 27.7 | P72: 27.7 | Q72: 31.2 | R72: 39.5 | X72: 43.3 | Y72: 43.3 | Z72: 42.4 | AA72: 41.5 | AB72: 41.5 | AC72: 41.5 | AD72: 40.4 | AE72: 40.4 | AF72: 40.4 | AG72: 43 | AH72: 43 | AI72: 47.4 | AJ72: 47.4 | AK72: 47.4 | AL72: 42 | AM72: 42
K73: 태평양물산 | L73: 31 | M73: 31 | N73: 29.5 | O73: 29 | P73: 29 | Q73: 28 | R73: 38 | S73: 31 | T73: 44 | U73: 39 | V73: 39 | W73: 39 | X73: 52.5 | Y73: 52.5 | Z73: 52.5 | AC73: 40.5 | AD73: 41.5 | AE73: 41.5 | AF73: 41.2 | AG73: 43.5 | AH73: 48 | AI73: 48.3 | AJ73: 48.3 | AK73: 44.3 | AL73: 41.3 | AM73: 40.8
K74: 신주원 | L74: 31.8 | M74: 31 | N74: 30 | O74: 29 | P74: 29 | Q74: 27.5 | R74: 27.5 | W74: 39 | X74: 41 | Y74: 42.5 | Z74: 42.5 | AA74: 41 | AB74: 41 | AC74: 40 | AD74: 40 | AE74: 39.8 | AF74: 39.5 | AG74: 38.7 | AH74: 41 | AI74: 41.8 | AJ74: 44.8 | AK74: 44.8 | AL74: 43.8 | AM74: 43.3
K75: RDS CHINA DUCK DOWN 80/20 GREY 600FP+ | L75: =AVERAGE(L69:L74) -> 32.6 | M75: =AVERAGE(M69:M74) -> 31.633333 | N75: =AVERAGE(N69:N74) -> 28.533333 | O75: =AVERAGE(O69:O74) -> 28.566667 | P75: =AVERAGE(P69:P74) -> 28.483333 | Q75: =AVERAGE(Q69:Q74) -> 29.816667 | R75: =AVERAGE(R69:R74) -> 38.483333 | S75: =AVERAGE(S69:S74) -> 42.125 | ... AM75: =AVERAGE(AM69:AM74) -> 42.233333
AJU82: LIUQIAO | AJV82: 려우차우 | AJW82: 려우차우 | AJX82: 려우차우 | AJY82: 려우차우 | AJZ82: 려우차우 | AKA82: 려우차우 | AKB82: 려우차우 | AKC82: 려우차우 | AKD82: 려우차우 | AKE82: 려우차우 | AKF82: 려우차우
AJU83: XINTANG | AJV83: 신탕 | AJW83: 신탕 | AJX83: 신탕 | AJY83: 신탕 | AJZ83: 신탕 | AKA83: 신탕 | AKB83: 신탕 | AKC83: 신탕 | AKD83: 신탕 | AKE83: 신탕 | AKF83: 신탕
AJU84: FANGXIANG | AJV84: 퍙샹(방상) | AJW84: 퍙샹(방상) | AJX84: 퍙샹(방상) | AJY84: 퍙샹(방상) | AJZ84: 퍙샹(방상) | AKA84: 퍙샹(방상) | AKB84: 퍙샹(방상) | AKC84: 퍙샹(방상) | AKD84: 퍙샹(방상) | AKE84: 퍙샹(방상) | AKF84: 퍙샹(방상)

Sheet Sheet1
